,label,orig_pred,adv_pred
0,1,1,1
1,0,0,0
2,1,1,1
3,0,0,1
4,1,1,1
5,0,0,1
6,1,1,1
7,1,1,1
8,0,0,0
9,1,1,1
10,1,1,1
11,0,0,1
12,0,0,0
13,1,1,1
14,0,0,0
15,0,0,0
16,0,0,1
17,0,0,1
18,1,1,1
19,0,0,1
20,0,0,1
21,1,1,1
22,1,1,1
23,0,0,1
24,1,1,1
25,0,0,0
26,1,1,1
27,0,0,1
28,0,0,1
29,0,0,1
30,1,1,1
31,1,1,1
32,1,1,1
33,1,1,1
34,0,0,0
35,1,1,1
36,0,0,1
37,1,1,1
38,0,1,1
39,0,0,0
40,1,1,1
41,1,1,1
42,1,1,1
43,0,0,0
44,0,0,1
45,1,1,1
46,1,1,1
47,0,0,1
48,1,1,1
49,1,1,1
50,0,0,0
51,0,0,1
52,0,0,1
53,0,0,0
54,0,0,1
55,1,1,1
56,1,1,1
57,1,1,1
58,1,1,1
59,0,0,1
60,1,1,1
61,1,1,1
62,1,1,1
63,0,0,0
64,1,1,1
65,0,0,0
66,0,0,1
67,0,0,0
68,1,1,1
69,0,0,0
70,1,1,1
71,0,0,1
72,1,1,1
73,1,1,1
74,1,1,1
75,0,0,1
76,1,1,1
77,0,0,1
78,0,0,1
79,1,1,1
80,1,1,1
81,0,0,1
82,0,0,1
83,1,1,1
84,1,1,1
85,0,0,1
86,0,0,1
87,0,0,1
88,1,1,1
89,0,0,1
90,0,0,1
91,0,0,1
92,1,1,1
93,1,1,1
94,1,1,1
95,1,1,1
96,0,0,0
97,1,1,1
98,0,0,1
99,1,1,1
100,1,1,1
101,1,1,1
102,0,0,0
103,0,0,1
104,0,0,0
105,0,0,1
106,0,0,0
107,0,0,0
108,0,0,0
109,1,1,1
110,0,0,1
111,0,0,1
112,0,0,1
113,0,0,1
114,0,0,1
115,0,0,1
116,1,1,1
117,0,0,0
118,1,1,1
119,1,1,1
120,1,1,1
121,1,1,1
122,1,1,1
123,1,1,1
124,1,1,1
125,0,0,1
126,1,1,1
127,1,1,1
128,1,1,1
129,0,0,0
130,0,0,1
131,1,1,1
132,1,1,1
133,1,1,1
134,0,0,1
135,1,1,1
136,0,0,1
137,1,1,1
138,0,0,0
139,0,0,1
140,1,1,1
141,1,1,1
142,1,1,1
143,1,1,1
144,0,0,0
145,1,1,1
146,0,0,1
147,1,1,1
148,0,0,1
149,1,1,1
150,0,0,1
151,0,0,0
152,1,1,1
153,0,0,1
154,0,0,1
155,1,1,1
156,0,0,1
157,0,0,1
158,0,0,0
159,0,0,0
160,1,1,1
161,0,0,1
162,1,1,1
163,0,0,1
164,1,1,1
165,1,1,1
166,1,1,1
167,1,1,1
168,0,0,1
169,1,1,1
170,1,1,1
171,1,1,1
172,0,0,0
173,0,0,1
174,0,0,0
175,0,0,0
176,0,0,1
177,0,0,0
178,1,1,1
179,0,0,1
180,0,0,1
181,0,0,0
182,1,1,1
183,1,1,1
184,0,0,0
185,0,0,1
186,1,1,1
187,1,1,1
188,1,1,1
189,0,0,1
190,1,1,1
191,0,0,0
192,1,1,1
193,0,0,0
194,1,1,1
195,0,0,1
196,1,1,1
197,0,0,1
198,1,1,1
199,1,1,1
200,1,1,1
201,1,1,1
202,1,1,1
203,0,0,0
204,0,0,1
205,0,0,0
206,0,0,0
207,0,0,0
208,0,0,1
209,0,0,1
210,0,0,1
211,1,1,1
212,1,1,1
213,1,1,1
214,0,0,1
215,1,1,1
216,0,0,0
217,0,0,1
218,0,0,1
219,1,1,1
220,0,0,0
221,1,1,1
222,0,0,1
223,0,0,0
224,0,0,1
225,1,1,1
226,0,0,0
227,0,0,1
228,1,1,1
229,1,1,1
230,1,1,1
231,1,1,1
232,0,0,1
233,0,0,0
234,1,1,1
235,1,1,1
236,1,1,1
237,0,0,1
238,0,0,0
239,0,0,0
240,0,0,1
241,0,0,0
242,0,0,0
243,1,1,1
244,0,0,0
245,0,0,0
246,0,0,1
247,1,1,1
248,0,0,1
249,0,0,0
250,0,0,0
251,0,0,0
252,1,1,1
253,0,0,1
254,1,1,1
255,1,1,1
256,0,0,0
257,0,0,1
258,0,0,0
259,0,0,1
260,0,0,1
261,1,1,1
262,1,1,1
263,0,0,1
264,1,1,1
265,1,1,1
266,1,1,1
267,0,0,1
268,1,1,1
269,1,1,1
270,0,0,1
271,0,0,1
272,0,0,0
273,1,1,1
274,1,1,1
275,1,1,1
276,1,0,1
277,0,0,0
278,0,0,0
279,1,1,1
280,0,0,1
281,1,1,1
282,0,0,0
283,0,0,0
284,0,0,1
285,0,0,1
286,1,0,1
287,1,1,1
288,0,0,0
289,1,1,1
290,0,0,0
291,1,1,1
292,0,0,0
293,1,1,1
294,1,1,1
295,0,0,1
296,0,0,1
297,1,1,1
298,1,1,1
299,0,0,1
300,1,1,1
301,0,0,1
302,0,0,1
303,0,0,1
304,0,0,1
305,0,0,1
306,0,0,0
307,1,1,1
308,1,1,1
309,0,0,0
310,1,1,1
311,1,1,1
312,0,0,1
313,0,0,1
314,1,1,1
315,0,0,1
316,1,1,1
317,0,0,1
318,1,1,1
319,1,1,1
320,1,1,1
321,0,0,1
322,1,1,1
323,0,0,1
324,0,0,0
325,0,0,0
326,1,1,1
327,1,1,1
328,1,1,1
329,0,0,0
330,0,0,1
331,0,0,1
332,0,0,1
333,0,0,1
334,0,0,1
335,1,1,1
336,0,0,1
337,0,0,0
338,0,0,1
339,1,1,1
340,0,0,0
341,1,1,1
342,1,1,1
343,0,0,1
344,1,1,1
345,1,1,1
346,1,1,1
347,0,0,0
348,0,0,0
349,1,1,1
350,0,0,0
351,1,1,1
352,0,0,0
353,0,0,1
354,1,1,1
355,1,1,1
356,0,1,1
357,0,0,0
358,0,0,1
359,1,1,1
360,1,1,1
361,0,0,1
362,0,0,0
363,0,0,0
364,1,1,1
365,1,1,1
366,0,0,1
367,1,1,1
368,1,1,1
369,0,0,0
370,0,0,1
371,1,1,1
372,1,1,1
373,0,0,1
374,0,0,0
375,0,0,1
376,0,0,0
377,1,1,1
378,0,0,0
379,1,1,1
380,1,1,1
381,0,0,1
382,1,1,1
383,1,1,1
384,1,1,1
385,1,1,1
386,0,0,1
387,0,0,0
388,0,0,1
389,1,1,1
390,1,1,1
391,0,0,1
392,0,0,1
393,0,0,1
394,0,0,0
395,1,1,1
396,1,1,1
397,1,1,1
398,1,1,1
399,0,0,0
400,0,0,1
401,1,1,1
402,1,1,1
403,0,0,1
404,0,0,1
405,1,1,1
406,0,0,1
407,1,1,1
408,1,1,1
409,1,1,1
410,1,1,1
411,0,0,0
412,1,1,1
413,1,0,1
414,0,0,1
415,1,1,1
416,0,0,0
417,1,1,1
418,0,0,1
419,0,0,1
420,0,0,1
421,0,0,1
422,0,0,1
423,0,0,0
424,0,0,0
425,0,0,0
426,0,0,0
427,1,1,1
428,0,0,0
429,1,1,1
430,1,1,1
431,1,1,1
432,0,0,1
433,0,0,0
434,0,0,1
435,0,0,0
436,1,1,1
437,0,0,0
438,1,1,1
439,0,0,1
440,1,1,1
441,1,1,1
442,0,0,1
443,0,0,0
444,0,0,1
445,0,0,1
446,1,1,1
447,1,1,1
448,0,0,1
449,0,0,0
450,1,1,1
451,1,1,1
452,0,0,0
453,0,0,1
454,1,1,1
455,0,0,1
456,1,1,1
457,1,1,1
458,0,0,1
459,1,1,1
460,0,0,1
461,1,1,1
462,0,0,1
463,0,0,1
464,0,0,0
465,1,1,1
466,1,1,1
467,0,0,1
468,1,1,1
469,1,1,1
470,1,1,1
471,0,0,0
472,1,1,1
473,0,0,0
474,1,1,1
475,0,0,1
476,0,0,1
477,0,0,1
478,0,0,0
479,0,0,0
480,0,0,0
481,0,0,0
482,0,0,1
483,0,0,1
484,1,1,1
485,1,1,1
486,0,0,1
487,0,0,1
488,1,1,1
489,1,1,1
490,1,1,1
491,1,1,1
492,1,1,1
493,0,0,0
494,1,1,1
495,1,1,1
496,1,1,1
497,1,1,1
498,0,0,1
499,1,1,1
500,0,0,1
501,1,1,1
502,1,1,1
503,0,0,0
504,1,1,1
505,0,0,0
506,0,0,1
507,0,0,0
508,1,1,1
509,0,0,1
510,1,1,1
511,0,0,1
512,0,0,0
513,0,0,1
514,0,0,1
515,1,1,1
516,0,0,1
517,1,1,1
518,1,1,1
519,1,1,1
520,1,1,1
521,0,0,1
522,0,0,0
523,0,0,0
524,0,0,1
525,0,0,1
526,0,0,1
527,0,0,1
528,0,0,1
529,1,1,1
530,1,1,1
531,0,0,0
532,0,0,0
533,1,1,1
534,0,0,0
535,0,0,1
536,1,1,1
537,0,0,1
538,1,1,1
539,0,0,1
540,1,1,1
541,0,0,0
542,1,1,1
543,1,1,1
544,0,0,1
545,0,0,1
546,0,0,1
547,0,0,0
548,1,1,1
549,1,1,1
550,1,1,1
551,1,1,1
552,0,0,1
553,1,1,1
554,1,1,1
555,1,1,1
556,1,1,1
557,1,1,1
558,1,1,1
559,0,0,0
560,1,1,1
561,0,0,1
562,1,1,1
563,1,1,1
564,1,1,1
565,0,0,1
566,1,1,1
567,0,0,0
568,1,1,1
569,0,0,1
570,0,0,0
571,1,1,1
572,1,1,1
573,0,0,1
574,0,0,1
575,0,0,1
576,0,0,1
577,1,1,1
578,1,1,1
579,1,1,1
580,0,0,1
581,1,1,1
582,1,1,1
583,1,1,1
584,0,0,1
585,0,0,1
586,0,0,0
587,1,1,1
588,1,1,1
589,0,0,0
590,1,1,1
591,1,1,1
592,0,0,0
593,1,1,1
594,0,0,1
595,1,1,1
596,1,1,1
597,0,0,0
598,0,0,0
599,0,0,1
600,0,0,0
601,0,0,0
602,0,0,1
603,0,0,0
604,0,0,0
605,0,0,1
606,1,1,1
607,1,1,1
608,1,1,1
609,1,1,1
610,1,1,1
611,0,0,1
612,1,1,1
613,1,1,1
614,0,0,1
615,0,0,1
616,1,1,1
617,0,0,0
618,0,0,1
619,1,1,1
620,0,0,1
621,1,1,1
622,0,0,0
623,0,0,1
624,0,0,0
625,1,1,1
626,0,0,0
627,1,1,1
628,0,0,1
629,1,1,1
630,1,1,1
631,1,1,1
632,0,0,0
633,0,0,1
634,1,1,1
635,1,1,1
636,0,0,1
637,0,0,1
638,1,1,1
639,0,0,1
640,1,1,1
641,0,0,0
642,0,0,1
643,1,1,1
644,0,0,0
645,1,1,1
646,1,1,1
647,0,0,1
648,0,0,0
649,0,0,1
650,1,0,1
651,1,1,1
652,0,0,0
653,1,1,1
654,0,0,1
655,0,0,1
656,0,0,0
657,1,1,1
658,0,0,0
659,1,1,1
660,1,1,1
661,0,0,1
662,0,0,1
663,0,0,1
664,1,1,1
665,0,0,0
666,1,1,1
667,1,1,1
668,1,1,1
669,0,0,1
670,1,1,1
671,1,1,1
672,0,0,0
673,0,0,0
674,0,0,1
675,1,1,1
676,0,0,0
677,0,0,1
678,0,0,0
679,0,0,0
680,0,0,0
681,0,0,0
682,0,0,0
683,0,0,0
684,1,1,1
685,1,1,1
686,0,0,0
687,0,0,1
688,1,1,1
689,1,1,1
690,1,1,1
691,0,0,1
692,1,1,1
693,0,0,1
694,0,0,0
695,0,0,0
696,1,1,1
697,0,0,1
698,0,0,0
699,1,1,1
700,1,1,1
701,1,1,1
702,0,0,0
703,0,0,1
704,0,0,0
705,1,1,1
706,0,0,1
707,0,0,0
708,0,0,1
709,1,1,1
710,0,0,1
711,1,1,1
712,1,1,1
713,0,0,0
714,0,0,0
715,0,0,1
716,0,0,1
717,0,0,0
718,0,0,0
719,1,1,1
720,0,0,1
721,1,1,1
722,1,1,1
723,0,0,1
724,0,0,1
725,0,0,1
726,0,0,0
727,0,0,1
728,0,0,1
729,1,1,1
730,1,1,1
731,0,0,1
732,1,1,1
733,1,1,1
734,0,0,1
735,1,1,1
736,1,1,1
737,0,0,0
738,0,0,0
739,0,0,1
740,0,0,0
741,0,0,1
742,0,0,1
743,1,1,1
744,1,1,1
745,1,1,1
746,0,0,1
747,0,0,0
748,1,1,1
749,0,0,0
750,1,1,1
751,0,0,0
752,0,0,1
753,0,0,0
754,0,0,0
755,1,1,1
756,0,0,0
757,0,0,1
758,1,1,1
759,1,1,1
760,1,1,1
761,0,0,1
762,1,1,1
763,0,0,0
764,1,1,1
765,0,0,1
766,1,1,1
767,1,1,1
768,1,1,1
769,0,0,0
770,0,0,0
771,1,1,1
772,1,1,1
773,1,1,1
774,0,0,1
775,0,0,1
776,0,0,1
777,1,1,1
778,0,0,0
779,1,1,1
780,0,0,1
781,1,1,1
782,0,0,0
783,0,0,0
784,0,0,0
785,1,1,1
786,0,0,1
787,0,0,0
788,1,1,1
789,1,1,1
790,1,1,1
791,1,1,1
792,0,0,1
793,0,0,0
794,0,0,1
795,1,1,1
796,1,1,1
797,0,0,1
798,1,1,1
799,1,1,1
800,1,1,1
801,1,1,1
802,0,0,1
803,1,1,1
804,1,1,1
805,1,1,1
806,1,1,1
807,0,0,0
808,0,0,0
809,1,1,1
810,0,0,0
811,0,0,0
812,1,1,1
813,1,1,1
814,1,1,1
815,1,1,1
816,0,0,1
817,0,0,1
818,1,1,1
819,1,1,1
820,0,0,0
821,1,1,1
822,0,0,1
823,0,0,1
824,1,1,1
825,0,0,1
826,0,0,1
827,1,1,1
828,1,1,1
829,1,1,1
830,1,1,1
831,0,0,0
832,0,0,1
833,0,0,1
834,1,1,1
835,0,0,0
836,0,0,1
837,0,0,0
838,0,0,1
839,0,0,0
840,0,0,0
841,0,0,0
842,0,0,0
843,1,1,1
844,0,0,1
845,0,0,0
846,1,1,1
847,1,1,1
848,0,0,0
849,0,0,1
850,1,1,1
851,0,0,0
852,1,1,1
853,1,1,1
854,1,1,1
855,0,0,0
856,1,1,1
857,0,0,1
858,1,1,1
859,0,0,0
860,1,1,1
861,1,1,1
862,0,0,1
863,1,1,1
864,1,1,1
865,1,1,1
866,1,1,1
867,0,0,0
868,0,0,0
869,1,1,1
870,0,0,0
871,1,1,1
872,1,1,1
873,1,1,1
874,1,1,1
875,0,0,1
876,1,1,1
877,0,0,1
878,0,0,0
879,1,1,1
880,0,0,1
881,1,1,1
882,1,1,1
883,0,0,1
884,1,1,1
885,0,0,1
886,1,1,1
887,0,0,1
888,0,0,0
889,1,0,1
890,1,1,1
891,1,1,1
892,1,1,1
893,0,0,1
894,0,0,0
895,0,0,0
896,1,1,1
897,0,0,0
898,0,0,1
899,1,1,1
900,1,1,1
901,0,0,0
902,1,1,1
903,1,1,1
904,0,0,1
905,1,1,1
906,1,1,1
907,1,1,1
908,1,1,1
909,0,0,0
910,1,1,1
911,0,0,1
912,1,1,1
913,1,1,1
914,1,1,1
915,0,0,1
916,1,1,1
917,1,1,1
918,0,0,1
919,1,1,1
920,1,1,1
921,1,1,1
922,0,0,1
923,0,0,0
924,1,1,1
925,1,1,1
926,1,1,1
927,1,1,1
928,0,0,1
929,1,1,1
930,0,0,0
931,1,1,1
932,1,1,1
933,0,0,1
934,0,0,1
935,1,1,1
936,0,0,1
937,1,1,1
938,1,1,1
939,0,0,0
940,1,1,1
941,1,1,1
942,1,1,1
943,1,1,1
944,1,1,1
945,0,0,0
946,1,1,1
947,1,1,1
948,1,1,1
949,1,1,1
950,1,1,1
951,1,1,1
952,1,1,1
953,1,1,1
954,1,1,1
955,1,1,1
956,0,0,0
957,1,1,1
958,1,1,1
959,0,0,0
960,1,1,1
961,1,1,1
962,0,0,1
963,0,0,1
964,1,1,1
965,1,1,1
966,1,1,1
967,0,0,1
968,1,1,1
969,1,1,1
970,1,1,1
971,1,1,1
972,0,0,0
973,0,0,0
974,1,1,1
975,1,1,1
976,1,1,1
977,0,0,0
978,1,1,1
979,1,1,1
980,0,0,1
981,0,0,1
982,1,1,1
983,0,0,0
984,1,1,1
985,1,1,1
986,1,1,1
987,1,1,1
988,1,1,1
989,0,0,1
990,0,0,1
991,1,1,1
992,1,1,1
993,1,1,1
994,1,1,1
995,1,1,1
996,1,1,1
997,0,0,1
998,1,1,1
999,1,1,1
1000,0,0,1
1001,0,0,0
1002,0,0,0
1003,1,1,1
1004,1,1,1
1005,1,1,1
1006,0,0,1
1007,1,1,1
1008,1,1,1
1009,1,1,1
1010,1,1,1
1011,1,1,1
1012,0,0,0
1013,0,0,1
1014,1,1,1
1015,0,0,1
1016,1,1,1
1017,0,0,0
1018,1,1,1
1019,1,1,1
1020,1,1,1
1021,1,1,1
1022,1,1,1
1023,0,0,1
1024,1,1,1
1025,0,0,1
1026,1,1,1
1027,1,1,1
1028,0,0,1
1029,1,1,1
1030,0,0,1
1031,0,0,1
1032,0,0,1
1033,1,1,1
1034,1,1,1
1035,1,1,1
1036,1,1,1
1037,1,1,1
1038,1,1,1
1039,1,1,1
1040,1,1,1
1041,1,1,1
1042,0,0,0
1043,1,1,1
1044,1,1,1
1045,0,0,1
1046,0,0,1
1047,0,0,1
1048,1,1,1
1049,1,1,1
1050,0,0,1
1051,0,0,0
1052,1,1,1
1053,0,0,1
1054,0,0,0
1055,0,0,1
1056,0,0,1
1057,1,1,1
1058,1,1,1
1059,1,1,1
1060,1,1,1
1061,0,0,0
1062,1,1,1
1063,0,0,0
1064,0,0,1
1065,1,1,1
1066,1,1,1
1067,1,1,1
1068,1,1,1
1069,1,1,1
1070,1,1,1
1071,0,0,0
1072,0,0,1
1073,0,0,0
1074,0,0,1
1075,0,0,0
1076,1,1,1
1077,1,1,1
1078,0,0,0
1079,0,0,0
1080,0,0,0
1081,1,1,1
1082,0,0,1
1083,0,0,1
1084,0,0,0
1085,0,0,1
1086,1,1,1
1087,1,1,1
1088,0,0,0
1089,1,1,1
1090,0,0,1
1091,1,1,1
1092,1,1,1
1093,0,0,1
1094,1,1,1
1095,0,0,0
1096,0,0,1
1097,1,1,1
1098,1,1,1
1099,1,1,1
1100,1,1,1
1101,0,0,1
1102,0,0,1
1103,1,1,1
1104,1,1,1
1105,0,0,1
1106,1,1,1
1107,0,0,1
1108,0,0,0
1109,1,1,1
1110,0,0,1
1111,1,1,1
1112,0,0,1
1113,1,1,1
1114,1,1,1
1115,0,0,1
1116,0,0,0
1117,1,1,1
1118,1,1,1
1119,1,1,1
1120,0,0,1
1121,1,1,1
1122,0,0,1
1123,1,1,1
1124,0,0,0
1125,0,0,1
1126,1,1,1
1127,1,1,1
1128,1,1,1
1129,1,1,1
1130,1,1,1
1131,1,1,1
1132,1,1,1
1133,1,1,1
1134,1,1,1
1135,1,1,1
1136,1,1,1
1137,1,1,1
1138,0,0,0
1139,0,0,1
1140,0,0,1
1141,1,1,1
1142,0,0,0
1143,0,0,0
1144,0,0,1
1145,0,0,1
1146,1,1,1
1147,0,0,0
1148,0,0,1
1149,1,1,1
1150,0,0,1
1151,1,1,1
1152,1,1,1
1153,0,0,1
1154,0,0,0
1155,1,1,1
1156,0,0,1
1157,0,0,1
1158,0,0,1
1159,0,0,1
1160,1,1,1
1161,0,0,0
1162,1,1,1
1163,0,0,0
1164,1,1,1
1165,0,0,1
1166,0,0,1
1167,0,0,0
1168,1,1,1
1169,1,1,1
1170,0,0,0
1171,0,0,1
1172,1,1,1
1173,0,0,1
1174,0,0,1
1175,0,0,0
1176,1,1,1
1177,1,1,1
1178,1,1,1
1179,1,1,1
1180,1,1,1
1181,0,0,0
1182,0,0,0
1183,1,1,1
1184,0,0,1
1185,0,0,1
1186,1,1,1
1187,1,1,1
1188,1,1,1
1189,1,1,1
1190,1,1,1
1191,0,0,0
1192,1,1,1
1193,0,0,1
1194,0,0,1
1195,0,0,0
1196,0,0,0
1197,1,1,1
1198,1,1,1
1199,1,1,1
1200,0,0,1
1201,0,0,0
1202,1,1,1
1203,1,1,1
1204,1,1,1
1205,1,1,1
1206,1,1,1
1207,1,1,1
1208,1,1,1
1209,0,0,1
1210,0,0,1
1211,0,0,1
1212,1,1,1
1213,1,1,1
1214,0,0,0
1215,1,1,1
1216,0,0,1
1217,0,0,1
1218,1,1,1
1219,0,0,1
1220,1,1,1
1221,1,1,1
1222,0,0,0
1223,0,0,0
1224,1,1,1
1225,0,0,0
1226,0,0,1
1227,0,0,0
1228,1,1,1
1229,0,0,0
1230,1,1,1
1231,1,1,1
1232,1,1,1
1233,0,0,0
1234,0,0,1
1235,0,0,0
1236,0,0,0
1237,0,0,0
1238,1,1,1
1239,0,0,0
1240,0,0,1
1241,1,1,1
1242,0,0,1
1243,0,0,0
1244,1,1,1
1245,1,1,1
1246,0,0,1
1247,1,1,1
1248,1,1,1
1249,1,1,1
1250,1,1,1
1251,1,1,1
1252,1,1,1
1253,1,1,1
1254,1,1,1
1255,0,0,1
1256,1,1,1
1257,1,1,1
1258,1,1,1
1259,1,1,1
1260,0,0,1
1261,0,0,1
1262,0,0,1
1263,1,1,1
1264,0,0,0
1265,1,1,1
1266,0,0,0
1267,1,1,1
1268,1,1,1
1269,0,0,1
1270,0,0,1
1271,0,0,1
1272,0,0,1
1273,0,0,1
1274,1,1,1
1275,1,1,1
1276,1,1,1
1277,1,1,1
1278,1,1,1
1279,1,1,1
1280,1,1,1
1281,0,0,1
1282,1,1,1
1283,0,0,0
1284,1,1,1
1285,1,1,1
1286,1,1,1
1287,0,0,1
1288,0,0,0
1289,1,1,1
1290,1,1,1
1291,0,0,1
1292,0,0,1
1293,1,1,1
1294,0,0,1
1295,1,1,1
1296,1,1,1
1297,1,1,1
1298,0,0,0
1299,1,1,1
1300,1,1,1
1301,1,1,1
1302,1,1,1
1303,1,1,1
1304,0,0,0
1305,1,1,1
1306,1,1,1
1307,1,1,1
1308,0,0,0
1309,0,0,0
1310,0,0,1
1311,0,0,1
1312,1,1,1
1313,0,0,0
1314,0,0,1
1315,1,1,1
1316,0,0,1
1317,0,0,1
1318,0,0,0
1319,1,1,1
1320,0,0,0
1321,1,1,1
1322,0,0,0
1323,1,1,1
1324,0,0,1
1325,0,0,1
1326,1,1,1
1327,0,0,1
1328,0,0,0
1329,0,0,0
1330,1,1,1
1331,0,0,0
1332,1,1,1
1333,1,1,1
1334,0,0,1
1335,0,0,0
1336,1,1,1
1337,1,1,1
1338,1,1,1
1339,1,1,1
1340,0,0,0
1341,1,1,1
1342,0,0,1
1343,1,1,1
1344,1,1,1
1345,0,0,1
1346,0,0,1
1347,0,0,0
1348,1,1,1
1349,0,0,1
1350,0,0,1
1351,0,0,0
1352,0,0,1
1353,1,1,1
1354,1,1,1
1355,1,1,1
1356,0,0,0
1357,0,0,1
1358,0,0,1
1359,0,0,0
1360,1,1,1
1361,1,1,1
1362,1,1,1
1363,0,0,0
1364,1,1,1
1365,0,0,1
1366,0,0,1
1367,0,0,1
1368,0,0,1
1369,0,0,1
1370,1,1,1
1371,1,1,1
1372,0,0,0
1373,1,1,1
1374,0,0,0
1375,1,1,1
1376,0,0,0
1377,1,1,1
1378,0,0,1
1379,0,0,0
1380,1,1,1
1381,0,0,1
1382,0,0,1
1383,0,0,1
1384,0,0,1
1385,0,0,0
1386,0,0,1
1387,1,1,1
1388,0,0,1
1389,1,1,1
1390,0,0,1
1391,0,0,0
1392,0,0,0
1393,0,0,0
1394,1,1,1
1395,0,0,1
1396,1,1,1
1397,0,0,0
1398,1,1,1
1399,0,0,1
1400,1,1,1
1401,1,1,1
1402,1,1,1
1403,0,0,0
1404,1,1,1
1405,1,1,1
1406,1,1,1
1407,0,0,0
1408,1,1,1
1409,1,1,1
1410,1,1,1
1411,0,0,1
1412,1,1,1
1413,0,0,1
1414,1,1,1
1415,0,0,0
1416,1,1,1
1417,0,0,0
1418,1,1,1
1419,1,1,1
1420,0,0,0
1421,0,0,0
1422,1,1,1
1423,1,1,1
1424,1,1,1
1425,0,0,1
1426,1,1,1
1427,0,0,1
1428,1,1,1
1429,1,1,1
1430,0,0,0
1431,1,1,1
1432,0,0,1
1433,0,0,0
1434,0,0,0
1435,1,1,1
1436,1,1,1
1437,1,1,1
1438,0,0,1
1439,0,0,0
1440,1,1,1
1441,0,0,1
1442,0,0,0
1443,1,1,1
1444,0,0,0
1445,0,0,1
1446,0,0,1
1447,0,0,1
1448,0,0,1
1449,1,1,1
1450,0,0,1
1451,0,0,0
1452,1,1,1
1453,1,1,1
1454,1,1,1
1455,1,1,1
1456,1,1,1
1457,0,0,1
1458,1,1,1
1459,0,0,0
1460,0,0,0
1461,1,1,1
1462,1,1,1
1463,1,1,1
1464,0,0,1
1465,1,1,1
1466,1,1,1
1467,1,1,1
1468,1,1,1
1469,0,0,0
1470,0,0,1
1471,0,0,0
1472,0,0,1
1473,0,0,0
1474,0,0,1
1475,1,1,1
1476,0,0,0
1477,0,0,1
1478,1,1,1
1479,0,0,0
1480,0,0,0
1481,0,0,0
1482,1,1,1
1483,1,1,1
1484,0,0,0
1485,0,0,1
1486,1,1,1
1487,1,1,1
1488,1,1,1
1489,0,0,1
1490,0,0,1
1491,1,1,1
1492,1,1,1
1493,0,0,0
1494,1,1,1
1495,1,1,1
1496,1,1,1
1497,1,1,1
1498,1,1,1
1499,0,0,1
1500,1,1,1
1501,1,1,1
1502,0,0,1
1503,0,0,0
1504,0,0,0
1505,1,1,1
1506,1,1,1
1507,0,0,0
1508,0,0,1
1509,0,0,1
1510,0,0,1
1511,1,1,1
1512,1,1,1
1513,0,0,1
1514,0,0,1
1515,0,0,1
1516,1,1,1
1517,0,0,1
1518,1,1,1
1519,1,1,1
1520,1,1,1
1521,1,1,1
1522,1,1,1
1523,1,1,1
1524,0,0,1
1525,1,1,1
1526,1,1,1
1527,0,0,1
1528,1,1,1
1529,0,0,1
1530,0,0,0
1531,0,0,1
1532,1,1,1
1533,0,0,1
1534,1,1,1
1535,1,1,1
1536,0,0,1
1537,0,0,0
1538,1,1,1
1539,0,0,0
1540,0,0,1
1541,0,0,1
1542,0,0,0
1543,1,1,1
1544,0,0,0
1545,0,0,1
1546,0,0,0
1547,1,1,1
1548,0,0,0
1549,1,1,1
1550,0,0,0
1551,0,0,0
1552,1,1,1
1553,0,0,0
1554,1,1,1
1555,1,1,1
1556,0,0,1
1557,0,0,0
1558,0,0,1
1559,0,0,1
1560,1,1,1
1561,1,1,1
1562,1,1,1
1563,1,1,1
1564,1,1,1
1565,0,0,1
1566,1,1,1
1567,1,1,1
1568,0,0,1
1569,1,1,1
1570,0,0,1
1571,1,1,1
1572,0,0,0
1573,0,0,0
1574,0,0,0
1575,1,1,1
1576,1,1,1
1577,1,1,1
1578,1,1,1
1579,1,1,1
1580,0,0,1
1581,0,0,1
1582,0,0,0
1583,0,0,0
1584,1,1,1
1585,1,1,1
1586,0,0,1
1587,0,0,0
1588,0,0,0
1589,1,1,1
1590,0,0,1
1591,1,1,1
1592,1,1,1
1593,0,0,1
1594,0,0,0
1595,1,1,1
1596,1,1,1
1597,1,1,1
1598,0,0,0
1599,1,1,1
1600,0,0,0
1601,0,0,0
1602,1,1,1
1603,0,0,1
1604,0,0,1
1605,1,1,1
1606,0,0,1
1607,0,0,1
1608,1,1,1
1609,1,1,1
1610,1,1,1
1611,1,1,1
1612,0,0,1
1613,0,0,0
1614,0,0,1
1615,1,1,1
1616,0,0,0
1617,1,1,1
1618,0,0,0
1619,1,1,1
1620,0,0,0
1621,0,0,0
1622,1,1,1
1623,0,0,1
1624,1,1,1
1625,1,1,1
1626,0,0,0
1627,0,0,0
1628,1,1,1
1629,0,0,0
1630,1,1,1
1631,1,1,1
1632,0,0,0
1633,0,0,1
1634,1,1,1
1635,0,0,1
1636,1,1,1
1637,0,0,1
1638,1,1,1
1639,0,0,1
1640,0,0,0
1641,1,1,1
1642,1,1,1
1643,1,1,1
1644,1,1,1
1645,1,1,1
1646,1,1,1
1647,1,1,1
1648,1,1,1
1649,0,0,0
1650,0,0,1
1651,1,1,1
1652,0,0,1
1653,1,1,1
1654,1,1,1
1655,0,0,1
1656,0,0,1
1657,1,1,1
1658,1,1,1
1659,1,1,1
1660,0,0,1
1661,0,0,1
1662,1,1,1
1663,1,1,1
1664,0,0,0
1665,1,1,1
1666,1,1,1
1667,0,0,1
1668,0,0,0
1669,1,1,1
1670,1,1,1
1671,1,1,1
1672,1,1,1
1673,0,0,0
1674,1,1,1
1675,1,1,1
1676,0,0,0
1677,0,0,0
1678,0,0,1
1679,0,0,0
1680,0,0,1
1681,1,1,1
1682,0,0,1
1683,0,0,1
1684,1,1,1
1685,1,1,1
1686,1,1,1
1687,1,1,1
1688,1,1,1
1689,1,1,1
1690,1,1,1
1691,0,0,1
1692,1,1,1
1693,1,1,1
1694,0,0,1
1695,1,1,1
1696,1,1,1
1697,0,0,1
1698,1,1,1
1699,0,0,1
1700,1,1,1
1701,1,1,1
1702,0,0,0
1703,1,1,1
1704,1,1,1
1705,1,1,1
1706,1,1,1
1707,1,1,1
1708,0,0,1
1709,0,0,0
1710,1,1,1
1711,0,0,0
1712,1,1,1
1713,1,1,1
1714,0,0,0
1715,1,1,1
1716,1,1,1
1717,1,1,1
1718,0,0,1
1719,1,1,1
1720,1,1,1
1721,0,0,1
1722,0,0,1
1723,1,1,1
1724,0,0,1
1725,1,1,1
1726,0,0,1
1727,0,0,1
1728,0,0,0
1729,1,1,1
1730,0,0,1
1731,0,0,1
1732,1,1,1
1733,1,1,1
1734,1,1,1
1735,0,0,0
1736,1,1,1
1737,1,1,1
1738,0,0,1
1739,0,0,0
1740,0,0,1
1741,0,0,1
1742,0,0,1
1743,0,0,0
1744,1,1,1
1745,1,1,1
1746,0,0,1
1747,0,0,1
1748,1,1,1
1749,1,1,1
1750,0,0,1
1751,1,1,1
1752,0,0,0
1753,0,0,0
1754,1,1,1
1755,1,1,1
1756,0,0,1
1757,1,1,1
1758,1,1,1
1759,0,0,1
1760,1,1,1
1761,1,1,1
1762,1,1,1
1763,1,1,1
1764,1,1,1
1765,0,0,1
1766,1,1,1
1767,1,1,1
1768,1,1,1
1769,1,1,1
1770,0,0,1
1771,1,1,1
1772,0,0,0
1773,1,1,1
1774,0,0,0
1775,0,0,0
1776,0,0,0
1777,1,1,1
1778,0,0,0
1779,0,0,1
1780,0,0,1
1781,1,1,1
1782,0,0,1
1783,1,1,1
1784,0,0,0
1785,0,0,0
1786,1,1,1
1787,0,0,1
1788,0,0,1
1789,1,1,1
1790,0,0,0
1791,1,1,1
1792,1,1,1
1793,1,1,1
1794,0,0,0
1795,0,0,1
1796,1,1,1
1797,0,0,0
1798,0,0,0
1799,0,0,1
1800,0,0,1
1801,1,1,1
1802,0,0,1
1803,0,0,0
1804,0,0,0
1805,0,0,0
1806,0,0,1
1807,1,1,1
1808,1,1,1
1809,1,1,1
1810,1,1,1
1811,1,1,1
1812,1,1,1
1813,0,0,0
1814,1,1,1
1815,1,1,1
1816,0,0,0
1817,1,1,1
1818,0,0,0
1819,1,1,1
1820,0,0,0
1821,0,0,1
1822,1,1,1
1823,1,1,1
1824,0,0,1
1825,1,1,1
1826,1,1,1
1827,0,0,0
1828,0,0,1
1829,1,1,1
1830,0,0,0
1831,0,0,1
1832,1,1,1
1833,1,1,1
1834,0,0,0
1835,1,1,1
1836,0,0,0
1837,0,0,1
1838,1,1,1
1839,0,0,0
1840,0,0,0
1841,1,1,1
1842,0,0,1
1843,0,0,1
1844,1,1,1
1845,0,0,1
1846,0,0,0
1847,0,0,1
1848,1,1,1
1849,0,0,1
1850,0,0,1
1851,0,0,1
1852,1,1,1
1853,1,1,1
1854,0,0,0
1855,0,0,1
1856,1,1,1
1857,0,0,1
1858,0,0,1
1859,1,1,1
1860,0,0,0
1861,1,1,1
1862,0,0,1
1863,1,1,1
1864,0,0,1
1865,1,1,1
1866,1,1,1
1867,0,0,0
1868,0,0,1
1869,1,1,1
1870,0,0,1
1871,0,0,1
1872,1,1,1
1873,0,0,0
1874,0,0,0
1875,0,0,1
1876,1,1,1
1877,0,0,1
1878,1,1,1
1879,1,1,1
1880,0,0,1
1881,1,1,1
1882,1,1,1
1883,0,0,1
1884,1,1,1
1885,0,0,1
1886,1,1,1
1887,1,1,1
1888,1,1,1
1889,0,0,0
1890,0,0,0
1891,1,1,1
1892,0,0,0
1893,1,1,1
1894,0,0,1
1895,1,1,1
1896,1,1,1
1897,1,1,1
1898,0,0,0
1899,0,0,0
1900,1,1,1
1901,0,0,0
1902,1,1,1
1903,1,1,1
1904,0,0,1
1905,0,0,1
1906,0,0,0
1907,1,1,1
1908,0,0,1
1909,1,1,1
1910,0,0,0
1911,0,0,0
1912,0,0,1
1913,0,0,0
1914,0,0,0
1915,1,1,1
1916,0,0,1
1917,1,1,1
1918,1,1,1
1919,1,1,1
1920,1,1,1
1921,1,1,1
1922,1,1,1
1923,1,1,1
1924,0,0,1
1925,0,0,0
1926,1,1,1
1927,0,0,0
1928,1,1,1
1929,0,0,1
1930,0,0,1
1931,0,0,1
1932,0,0,0
1933,1,1,1
1934,1,1,1
1935,0,0,0
1936,1,1,1
1937,1,1,1
1938,0,0,0
1939,0,0,1
1940,0,0,0
1941,0,0,1
1942,1,1,1
1943,1,1,1
1944,0,0,1
1945,0,0,0
1946,1,1,1
1947,0,0,0
1948,0,0,1
1949,1,1,1
1950,1,1,1
1951,0,0,1
1952,0,0,0
1953,1,1,1
1954,0,0,1
1955,1,1,1
1956,1,1,1
1957,0,0,0
1958,1,1,1
1959,0,0,0
1960,1,1,1
1961,0,0,0
1962,1,1,1
1963,1,1,1
1964,1,1,1
1965,0,0,1
1966,0,0,1
1967,1,1,1
1968,0,0,1
1969,0,0,1
1970,1,1,1
1971,1,1,1
1972,0,0,1
1973,0,0,1
1974,0,0,1
1975,1,1,1
1976,1,1,1
1977,1,1,1
1978,1,1,1
1979,1,1,1
1980,1,1,1
1981,1,1,1
1982,1,1,1
1983,1,1,1
1984,1,1,1
1985,1,1,1
1986,1,1,1
1987,0,0,1
1988,1,1,1
1989,1,1,1
1990,0,0,0
1991,1,1,1
1992,1,1,1
1993,0,0,1
1994,0,0,0
1995,0,0,0
1996,1,1,1
1997,1,1,1
1998,0,0,0
1999,0,0,1
2000,0,0,1
2001,1,1,1
2002,1,1,1
2003,0,0,1
2004,1,1,1
2005,1,1,1
2006,0,0,1
2007,1,1,1
2008,1,1,1
2009,0,0,0
2010,1,1,1
2011,1,1,1
2012,0,0,0
2013,1,1,1
2014,1,1,1
2015,1,1,1
2016,1,1,1
2017,1,1,1
2018,0,0,1
2019,0,0,1
2020,1,1,1
2021,0,0,1
2022,1,1,1
2023,0,0,1
2024,0,0,1
2025,0,0,1
2026,1,1,1
2027,0,0,0
2028,0,0,1
2029,0,0,1
2030,1,1,1
2031,1,1,1
2032,1,1,1
2033,0,0,0
2034,0,0,1
2035,0,0,1
2036,0,0,0
2037,0,0,0
2038,1,1,1
2039,0,0,0
2040,0,0,1
2041,0,0,1
2042,1,1,1
2043,0,0,0
2044,1,1,1
2045,1,1,1
2046,1,1,1
2047,0,0,1
2048,1,1,1
2049,1,1,1
2050,0,0,0
2051,0,0,0
2052,0,0,0
2053,0,0,0
2054,0,0,0
2055,0,0,0
2056,1,1,1
2057,0,0,1
2058,1,1,1
2059,0,0,1
2060,0,0,1
2061,0,0,1
2062,0,0,1
2063,1,1,1
2064,0,0,0
2065,1,1,1
2066,0,0,1
2067,0,0,1
2068,0,0,0
2069,1,1,1
2070,0,0,1
2071,1,1,1
2072,0,0,0
2073,0,0,0
2074,1,1,1
2075,0,0,1
2076,0,0,1
2077,0,0,1
2078,1,1,1
2079,1,1,1
2080,1,1,1
2081,1,1,1
2082,0,0,1
2083,1,1,1
2084,0,0,1
2085,0,0,1
2086,0,0,1
2087,0,1,1
2088,1,1,1
2089,0,0,1
2090,0,0,1
2091,0,0,1
2092,0,0,0
2093,1,1,1
2094,1,1,1
2095,0,0,1
2096,1,1,1
2097,1,1,1
2098,0,0,0
2099,0,0,0
2100,1,1,1
2101,1,1,1
2102,0,0,1
2103,0,0,0
2104,1,1,1
2105,1,1,1
2106,0,0,1
2107,1,1,1
2108,0,0,0
2109,1,1,1
2110,0,0,1
2111,1,1,1
2112,0,0,1
2113,0,0,0
2114,1,1,1
2115,0,0,1
2116,0,0,0
2117,0,0,1
2118,1,1,1
2119,1,1,1
2120,1,1,1
2121,0,0,0
2122,0,0,1
2123,0,0,1
2124,0,0,0
2125,1,1,1
2126,1,1,1
2127,0,0,0
2128,1,1,1
2129,0,0,1
2130,0,0,0
2131,0,0,1
2132,1,1,1
2133,1,1,1
2134,1,1,1
2135,0,0,1
2136,1,1,1
2137,0,0,1
2138,0,0,1
2139,0,0,1
2140,0,0,1
2141,0,0,0
2142,0,0,1
2143,0,0,0
2144,1,1,1
2145,1,1,1
2146,0,0,1
2147,0,0,1
2148,0,0,1
2149,0,0,1
2150,0,0,0
2151,1,1,1
2152,1,1,1
2153,1,1,1
2154,0,0,1
2155,1,1,1
2156,1,1,1
2157,0,0,1
2158,0,0,0
2159,0,0,1
2160,0,0,1
2161,1,1,1
2162,1,1,1
2163,1,1,1
2164,1,1,1
2165,0,0,1
2166,0,0,0
2167,1,1,1
2168,0,0,1
2169,1,1,1
2170,1,1,1
2171,1,1,1
2172,1,1,1
2173,1,1,1
2174,0,0,0
2175,1,1,1
2176,0,0,0
2177,0,0,0
2178,1,1,1
2179,1,1,1
2180,1,1,1
2181,0,0,1
2182,1,1,1
2183,1,1,1
2184,1,1,1
2185,1,1,1
2186,0,0,1
2187,1,1,1
2188,1,1,1
2189,1,1,1
2190,1,1,1
2191,1,1,1
2192,0,0,1
2193,1,1,1
2194,1,1,1
2195,0,0,0
2196,1,1,1
2197,1,1,1
2198,1,1,1
2199,1,1,1
2200,0,0,0
2201,1,1,1
2202,1,1,1
2203,1,1,1
2204,0,0,1
2205,1,1,1
2206,0,0,1
2207,0,0,1
2208,0,0,1
2209,1,1,1
2210,1,1,1
2211,0,0,0
2212,1,1,1
2213,0,0,0
2214,0,0,1
2215,1,1,1
2216,1,1,1
2217,1,1,1
2218,0,0,0
2219,0,0,1
2220,0,0,0
2221,0,0,1
2222,0,0,1
2223,0,0,0
2224,1,1,1
2225,0,0,1
2226,1,1,1
2227,1,1,1
2228,1,1,1
2229,1,1,1
2230,0,0,1
2231,1,1,1
2232,1,1,1
2233,0,0,0
2234,0,0,1
2235,0,0,0
2236,0,0,0
2237,0,0,0
2238,0,0,0
2239,0,0,0
2240,0,0,1
2241,0,0,1
2242,1,1,1
2243,0,0,0
2244,1,1,1
2245,1,1,1
2246,0,0,1
2247,0,0,0
2248,1,1,1
2249,1,1,1
2250,1,1,1
2251,0,0,1
2252,1,1,1
2253,1,1,1
2254,0,0,1
2255,0,0,1
2256,1,1,1
2257,1,1,1
2258,0,0,0
2259,0,0,0
2260,1,1,1
2261,1,1,1
2262,0,0,0
2263,0,0,1
2264,0,0,1
2265,1,1,1
2266,0,0,0
2267,1,1,1
2268,0,0,1
2269,0,0,1
2270,0,0,1
2271,0,0,1
2272,1,1,1
2273,1,1,1
2274,1,1,1
2275,1,1,1
2276,0,0,1
2277,1,1,1
2278,0,0,1
2279,0,0,1
2280,1,1,1
2281,1,1,1
2282,0,0,1
2283,1,1,1
2284,1,1,1
2285,0,0,1
2286,0,0,1
2287,0,0,1
2288,1,1,1
2289,0,0,1
2290,0,0,1
2291,1,1,1
2292,0,0,1
2293,1,1,1
2294,1,1,1
2295,1,1,1
2296,0,0,1
2297,1,1,1
2298,0,0,0
2299,0,0,0
2300,0,0,1
2301,1,1,1
2302,0,0,1
2303,0,0,0
2304,0,0,0
2305,1,1,1
2306,0,0,1
2307,0,0,1
2308,0,0,0
2309,0,0,1
2310,1,1,1
2311,0,0,1
2312,0,0,0
2313,1,1,1
2314,0,0,1
2315,0,0,0
2316,0,0,1
2317,1,1,1
2318,0,0,0
2319,0,0,0
2320,1,1,1
2321,1,1,1
2322,1,1,1
2323,0,0,0
2324,0,0,1
2325,0,0,0
2326,1,1,1
2327,0,0,1
2328,1,1,1
2329,0,0,1
2330,1,1,1
2331,0,0,0
2332,1,1,1
2333,0,0,1
2334,1,1,1
2335,1,1,1
2336,0,0,1
2337,1,1,1
2338,1,1,1
2339,0,0,1
2340,0,0,1
2341,1,1,1
2342,0,0,1
2343,0,0,1
2344,0,0,1
2345,0,0,0
2346,0,0,1
2347,0,0,0
2348,1,1,1
2349,0,0,1
2350,1,1,1
2351,0,0,0
2352,0,0,1
2353,0,0,0
2354,1,1,1
2355,1,1,1
2356,0,0,0
2357,1,1,1
2358,1,1,1
2359,0,0,1
2360,1,1,1
2361,0,0,0
2362,1,1,1
2363,0,0,0
2364,1,1,1
2365,1,1,1
2366,1,1,1
2367,0,0,0
2368,0,0,1
2369,1,1,1
2370,0,0,0
2371,1,1,1
2372,1,1,1
2373,0,0,0
2374,0,0,1
2375,0,0,1
2376,1,1,1
2377,1,1,1
2378,0,0,0
2379,1,1,1
2380,1,1,1
2381,1,1,1
2382,0,0,1
2383,1,1,1
2384,1,1,1
2385,0,0,1
2386,0,0,1
2387,0,0,1
2388,0,0,1
2389,1,1,1
2390,0,0,1
2391,0,0,0
2392,1,1,1
2393,0,0,1
2394,1,1,1
2395,1,1,1
2396,0,0,1
2397,0,0,1
2398,1,1,1
2399,1,1,1
2400,1,1,1
2401,1,1,1
2402,1,1,1
2403,0,0,1
2404,0,0,0
2405,0,0,0
2406,0,0,0
2407,0,0,1
2408,1,1,1
2409,1,1,1
2410,1,1,1
2411,1,1,1
2412,0,0,0
2413,0,0,1
2414,0,0,1
2415,1,1,1
2416,1,1,1
2417,1,1,1
2418,1,1,1
2419,1,1,1
2420,1,1,1
2421,1,1,1
2422,1,1,1
2423,1,1,1
2424,1,1,1
2425,0,0,0
2426,0,0,1
2427,1,1,1
2428,0,0,1
2429,0,0,1
2430,0,0,1
2431,0,0,0
2432,1,1,1
2433,0,0,0
2434,1,1,1
2435,1,1,1
2436,0,0,0
2437,1,1,1
2438,0,0,1
2439,0,0,1
2440,1,1,1
2441,1,1,1
2442,1,1,1
2443,1,1,1
2444,0,0,1
2445,1,1,1
2446,0,0,1
2447,0,0,1
2448,0,0,0
2449,0,0,0
2450,0,0,0
2451,1,1,1
2452,1,1,1
2453,0,0,1
2454,0,0,1
2455,0,0,0
2456,1,1,1
2457,1,1,1
2458,0,0,1
2459,1,1,1
2460,1,1,1
2461,1,1,1
2462,1,1,1
2463,1,1,1
2464,1,1,1
2465,1,1,1
2466,1,1,1
2467,1,1,1
2468,0,0,1
2469,1,1,1
2470,1,1,1
2471,1,1,1
2472,1,1,1
2473,1,1,1
2474,1,1,1
2475,1,1,1
2476,1,1,1
2477,0,0,0
2478,0,0,0
2479,1,1,1
2480,1,1,1
2481,1,1,1
2482,0,0,0
2483,0,0,1
2484,1,1,1
2485,0,0,1
2486,0,0,1
2487,0,0,1
2488,1,1,1
2489,0,0,1
2490,0,0,0
2491,1,1,1
2492,0,0,0
2493,0,0,1
2494,1,1,1
2495,0,0,0
2496,0,0,1
2497,0,0,1
2498,0,0,1
2499,0,0,1
2500,0,0,0
2501,0,0,0
2502,1,1,1
2503,1,1,1
2504,0,0,1
2505,1,1,1
2506,0,0,0
2507,1,1,1
2508,1,1,1
2509,1,1,1
2510,0,0,0
2511,0,0,1
2512,1,1,1
2513,0,0,1
2514,1,1,1
2515,1,1,1
2516,0,0,1
2517,1,1,1
2518,0,0,1
2519,1,1,1
2520,0,0,1
2521,0,0,1
2522,0,0,1
2523,0,0,0
2524,0,0,1
2525,1,1,1
2526,1,1,1
2527,1,1,1
2528,1,1,1
2529,1,1,1
2530,0,1,1
2531,1,1,1
2532,0,0,0
2533,1,1,1
2534,1,1,1
2535,1,1,1
2536,0,0,1
2537,0,0,1
2538,0,0,1
2539,1,1,1
2540,1,1,1
2541,1,1,1
2542,1,1,1
2543,1,1,1
2544,1,1,1
2545,0,0,0
2546,0,0,0
2547,0,0,1
2548,1,1,1
2549,0,0,1
2550,0,0,1
2551,0,0,0
2552,1,1,1
2553,1,1,1
2554,1,1,1
2555,1,1,1
2556,1,1,1
2557,1,1,1
2558,1,1,1
2559,1,1,1
2560,1,1,1
2561,0,0,0
2562,0,0,1
2563,0,0,1
2564,1,1,1
2565,0,0,0
2566,1,1,1
2567,1,1,1
2568,0,0,1
2569,1,1,1
2570,0,0,1
2571,0,0,1
2572,0,0,0
2573,1,1,1
2574,1,1,1
2575,1,1,1
2576,1,1,1
2577,0,0,1
2578,1,1,1
2579,0,0,1
2580,1,1,1
2581,0,0,0
2582,0,1,1
2583,0,0,0
2584,1,1,1
2585,0,0,1
2586,0,0,0
2587,0,0,1
2588,0,0,1
2589,0,0,1
2590,1,1,1
2591,0,0,1
2592,1,1,1
2593,1,1,1
2594,0,0,1
2595,0,0,0
2596,0,0,1
2597,0,0,1
2598,1,1,1
2599,0,0,0
2600,0,0,1
2601,1,1,1
2602,0,0,1
2603,1,1,1
2604,1,1,1
2605,0,0,1
2606,1,1,1
2607,1,1,1
2608,1,1,1
2609,0,0,0
2610,1,1,1
2611,0,0,1
2612,1,1,1
2613,0,0,1
2614,1,1,1
2615,1,1,1
2616,0,0,1
2617,0,0,1
2618,1,1,1
2619,0,0,0
2620,0,0,1
2621,1,1,1
2622,1,1,1
2623,1,1,1
2624,0,0,0
2625,1,1,1
2626,0,0,0
2627,0,0,1
2628,0,0,1
2629,1,1,1
2630,1,1,1
2631,0,0,1
2632,1,1,1
2633,0,0,0
2634,1,1,1
2635,1,1,1
2636,1,1,1
2637,0,0,1
2638,1,1,1
2639,1,1,1
2640,0,0,1
2641,0,0,1
2642,1,1,1
2643,1,1,1
2644,1,1,1
2645,1,1,1
2646,1,1,1
2647,0,0,1
2648,1,1,1
2649,0,0,1
2650,1,1,1
2651,0,0,1
2652,1,1,1
2653,1,1,1
2654,0,0,0
2655,1,1,1
2656,0,0,1
2657,0,0,0
2658,0,0,1
2659,0,0,1
2660,1,1,1
2661,0,0,0
2662,0,0,1
2663,1,1,1
2664,0,0,1
2665,0,0,0
2666,1,1,1
2667,0,0,1
2668,1,1,1
2669,0,0,1
2670,0,0,1
2671,1,1,1
2672,0,0,1
2673,1,1,1
2674,0,0,0
2675,0,0,0
2676,1,1,1
2677,0,0,1
2678,0,0,0
2679,1,1,1
2680,0,0,0
2681,1,1,1
2682,0,0,1
2683,1,1,1
2684,0,0,1
2685,0,0,0
2686,0,0,1
2687,1,1,1
2688,1,1,1
2689,0,0,1
2690,0,0,0
2691,1,1,1
2692,1,1,1
2693,1,1,1
2694,0,0,1
2695,0,0,0
2696,1,1,1
2697,0,0,0
2698,1,1,1
2699,1,1,1
2700,1,1,1
2701,1,1,1
2702,0,0,0
2703,1,1,1
2704,0,0,1
2705,0,0,1
2706,0,0,1
2707,1,1,1
2708,0,0,0
2709,1,1,1
2710,0,0,1
2711,0,0,1
2712,0,0,0
2713,0,0,1
2714,1,1,1
2715,0,0,0
2716,1,1,1
2717,0,0,0
2718,1,1,1
2719,0,0,0
2720,0,0,1
2721,1,1,1
2722,1,1,1
2723,0,0,0
2724,0,0,0
2725,0,0,1
2726,0,0,1
2727,1,1,1
2728,0,0,0
2729,0,0,0
2730,0,0,0
2731,1,1,1
2732,1,1,1
2733,1,1,1
2734,0,0,1
2735,0,0,1
2736,0,0,0
2737,1,1,1
2738,1,1,1
2739,1,1,1
2740,1,1,1
2741,1,1,1
2742,0,0,1
2743,0,0,1
2744,1,1,1
2745,1,1,1
2746,1,1,1
2747,0,0,0
2748,1,1,1
2749,0,0,1
2750,1,1,1
2751,1,1,1
2752,1,1,1
2753,0,0,0
2754,1,1,1
2755,0,0,1
2756,1,1,1
2757,0,0,0
2758,1,1,1
2759,0,0,1
2760,0,0,0
2761,1,1,1
2762,1,1,1
2763,1,1,1
2764,1,1,1
2765,0,0,1
2766,0,0,1
2767,1,1,1
2768,0,0,1
2769,1,1,1
2770,0,0,0
2771,0,0,1
2772,0,0,0
2773,1,1,1
2774,0,0,1
2775,0,0,0
2776,1,1,1
2777,1,1,1
2778,0,0,1
2779,0,0,1
2780,1,1,1
2781,0,0,0
2782,1,1,1
2783,0,0,1
2784,0,0,1
2785,1,1,1
2786,1,1,1
2787,0,0,1
2788,1,1,1
2789,0,0,1
2790,0,0,0
2791,1,1,1
2792,1,1,1
2793,0,0,0
2794,0,0,0
2795,1,1,1
2796,1,1,1
2797,1,1,1
2798,1,1,1
2799,0,0,1
2800,1,1,1
2801,0,0,0
2802,0,0,1
2803,0,0,0
2804,0,0,1
2805,1,1,1
2806,1,1,1
2807,0,0,0
2808,1,1,1
2809,1,1,1
2810,0,0,0
2811,1,1,1
2812,0,0,0
2813,1,1,1
2814,0,0,1
2815,1,1,1
2816,0,0,1
2817,1,1,1
2818,0,0,0
2819,0,0,1
2820,1,1,1
2821,1,1,1
2822,0,0,1
2823,0,0,1
2824,0,0,0
2825,1,1,1
2826,0,0,1
2827,0,0,1
2828,1,1,1
2829,1,1,1
2830,0,0,1
2831,1,1,1
2832,0,0,1
2833,0,0,0
2834,1,1,1
2835,0,0,0
2836,0,0,1
2837,0,0,1
2838,1,1,1
2839,1,1,1
2840,1,1,1
2841,1,1,1
2842,1,1,1
2843,0,0,0
2844,0,0,1
2845,1,1,1
2846,0,0,1
2847,0,0,1
2848,0,0,1
2849,1,1,1
2850,0,0,1
2851,1,1,1
2852,1,1,1
2853,1,1,1
2854,0,0,1
2855,0,0,1
2856,1,1,1
2857,0,0,1
2858,0,0,0
2859,0,0,1
2860,1,1,1
2861,1,1,1
2862,0,0,0
2863,1,1,1
2864,1,1,1
2865,0,0,1
2866,1,1,1
2867,0,0,0
2868,1,1,1
2869,0,0,0
2870,1,1,1
2871,0,0,1
2872,0,0,1
2873,1,1,1
2874,0,0,1
2875,1,1,1
2876,1,1,1
2877,1,1,1
2878,1,1,1
2879,1,1,1
2880,1,1,1
2881,0,0,0
2882,0,0,0
2883,1,1,1
2884,0,0,1
2885,1,1,1
2886,0,0,0
2887,0,0,0
2888,1,1,1
2889,0,0,1
2890,0,0,0
2891,0,0,1
2892,0,0,1
2893,1,1,1
2894,0,0,1
2895,1,1,1
2896,1,1,1
2897,1,1,1
2898,1,1,1
2899,0,0,1
2900,0,0,1
2901,0,0,0
2902,0,0,0
2903,1,1,1
2904,1,1,1
2905,0,0,1
2906,1,1,1
2907,0,0,1
2908,0,0,0
2909,1,1,1
2910,1,1,1
2911,0,0,1
2912,0,0,1
2913,1,1,1
2914,1,1,1
2915,0,0,1
2916,0,0,0
2917,1,1,1
2918,0,0,0
2919,1,1,1
2920,0,0,1
2921,1,0,1
2922,0,0,1
2923,1,1,1
2924,0,0,1
2925,0,0,1
2926,1,1,1
2927,0,0,1
2928,0,0,1
2929,1,1,1
2930,0,0,0
2931,1,1,1
2932,0,0,1
2933,1,1,1
2934,0,0,0
2935,0,0,0
2936,1,1,1
2937,1,1,1
2938,0,0,1
2939,0,0,1
2940,0,0,1
2941,1,1,1
2942,1,1,1
2943,1,1,1
2944,0,0,1
2945,0,0,0
2946,0,0,0
2947,0,0,1
2948,0,0,0
2949,1,1,1
2950,0,0,0
2951,0,0,0
2952,0,0,0
2953,0,0,0
2954,1,1,1
2955,0,0,0
2956,1,1,1
2957,1,1,1
2958,1,1,1
2959,1,1,1
2960,1,1,1
2961,0,0,0
2962,1,1,1
2963,1,1,1
2964,0,0,1
2965,0,0,0
2966,0,0,1
2967,0,0,1
2968,0,0,0
2969,0,0,1
2970,1,1,1
2971,0,0,1
2972,0,0,0
2973,0,0,1
2974,1,1,1
2975,1,1,1
2976,0,0,0
2977,1,1,1
2978,0,0,0
2979,0,0,0
2980,0,0,1
2981,1,1,1
2982,0,0,0
2983,0,0,1
2984,1,1,1
2985,1,1,1
2986,0,0,1
2987,0,0,0
2988,0,0,0
2989,1,1,1
2990,0,0,1
2991,0,0,1
2992,1,1,1
2993,0,0,0
2994,0,0,1
2995,0,0,1
2996,0,0,1
2997,0,0,1
2998,0,0,1
2999,0,0,0
3000,1,1,1
3001,1,1,1
3002,1,1,1
3003,1,1,1
3004,1,1,1
3005,1,1,1
3006,0,0,1
3007,0,0,0
3008,1,1,1
3009,1,1,1
3010,1,1,1
3011,0,0,1
3012,1,1,1
3013,1,1,1
3014,1,1,1
3015,1,1,1
3016,0,0,0
3017,1,1,1
3018,0,0,1
3019,1,1,1
3020,0,0,1
3021,0,0,0
3022,1,1,1
3023,1,1,1
3024,0,0,0
3025,0,0,1
3026,0,0,1
3027,0,0,1
3028,1,1,1
3029,1,1,1
3030,1,1,1
3031,1,1,1
3032,1,1,1
3033,0,0,1
3034,1,1,1
3035,1,1,1
3036,0,0,0
3037,0,0,0
3038,1,1,1
3039,1,1,1
3040,0,0,1
3041,0,0,0
3042,0,0,1
3043,0,0,1
3044,0,0,1
3045,1,1,1
3046,1,1,1
3047,0,0,1
3048,0,0,1
3049,0,0,1
3050,1,1,1
3051,0,0,1
3052,1,1,1
3053,1,1,1
3054,0,0,0
3055,1,1,1
3056,1,1,1
3057,0,0,1
3058,1,1,1
3059,1,1,1
3060,1,1,1
3061,0,0,1
3062,1,1,1
3063,1,1,1
3064,0,0,0
3065,1,1,1
3066,1,1,1
3067,0,0,0
3068,0,0,1
3069,1,1,1
3070,0,0,1
3071,0,0,0
3072,1,1,1
3073,1,1,1
3074,1,1,1
3075,0,0,0
3076,1,1,1
3077,1,1,1
3078,1,1,1
3079,0,0,1
3080,1,1,1
3081,1,1,1
3082,1,1,1
3083,0,0,0
3084,0,0,1
3085,0,0,0
3086,1,1,1
3087,0,0,0
3088,0,0,1
3089,1,1,1
3090,1,1,1
3091,0,0,0
3092,1,1,1
3093,1,1,1
3094,0,0,0
3095,0,0,1
3096,1,1,1
3097,1,1,1
3098,0,0,1
3099,1,1,1
3100,1,1,1
3101,0,0,1
3102,0,0,1
3103,0,0,1
3104,0,0,0
3105,0,0,1
3106,0,0,1
3107,1,1,1
3108,1,1,1
3109,0,0,1
3110,1,1,1
3111,0,0,1
3112,1,1,1
3113,0,0,1
3114,1,1,1
3115,0,0,0
3116,1,1,1
3117,1,1,1
3118,1,1,1
3119,1,1,1
3120,1,1,1
3121,1,1,1
3122,0,0,1
3123,1,1,1
3124,0,0,1
3125,1,1,1
3126,1,1,1
3127,0,0,0
3128,1,1,1
3129,1,1,1
3130,0,0,0
3131,1,1,1
3132,1,1,1
3133,0,0,1
3134,0,0,0
3135,1,1,1
3136,0,0,0
3137,1,1,1
3138,1,1,1
3139,1,1,1
3140,1,1,1
3141,0,0,1
3142,0,0,0
3143,1,1,1
3144,0,0,0
3145,1,1,1
3146,0,0,1
3147,0,0,0
3148,1,1,1
3149,0,0,1
3150,1,1,1
3151,1,1,1
3152,1,1,1
3153,1,1,1
3154,0,0,1
3155,0,0,1
3156,1,1,1
3157,0,0,0
3158,1,1,1
3159,1,1,1
3160,1,1,1
3161,0,0,1
3162,0,0,0
3163,1,1,1
3164,1,1,1
3165,0,0,1
3166,0,0,1
3167,1,1,1
3168,0,0,0
3169,0,0,1
3170,1,1,1
3171,0,0,0
3172,0,0,1
3173,0,0,1
3174,0,0,0
3175,1,1,1
3176,0,0,1
3177,1,1,1
3178,1,1,1
3179,1,1,1
3180,0,0,1
3181,0,0,0
3182,1,1,1
3183,1,1,1
3184,0,0,1
3185,1,1,1
3186,0,0,0
3187,1,1,1
3188,0,0,0
3189,1,1,1
3190,1,1,1
3191,0,0,1
3192,0,0,1
3193,0,0,1
3194,0,0,1
3195,1,1,1
3196,0,0,1
3197,0,0,1
3198,1,1,1
3199,1,1,1
3200,0,0,0
3201,0,0,0
3202,0,0,0
3203,1,1,1
3204,0,0,0
3205,1,1,1
3206,0,0,0
3207,1,1,1
3208,1,1,1
3209,0,1,1
3210,1,1,1
3211,1,1,1
3212,0,0,1
3213,0,0,0
3214,1,1,1
3215,0,0,1
3216,0,0,1
3217,0,0,1
3218,0,0,1
3219,1,1,1
3220,1,1,1
3221,0,0,1
3222,1,1,1
3223,1,1,1
3224,0,0,0
3225,0,0,1
3226,0,0,1
3227,1,1,1
3228,1,1,1
3229,1,1,1
3230,1,1,1
3231,1,1,1
3232,1,1,1
3233,1,1,1
3234,0,0,1
3235,0,0,0
3236,1,1,1
3237,1,1,1
3238,0,0,1
3239,0,0,1
3240,1,1,1
3241,0,0,1
3242,0,0,1
3243,1,1,1
3244,1,1,1
3245,0,0,1
3246,1,1,1
3247,0,0,0
3248,1,1,1
3249,1,1,1
3250,0,0,1
3251,1,1,1
3252,0,0,1
3253,0,0,0
3254,0,0,1
3255,1,1,1
3256,1,1,1
3257,0,0,0
3258,1,1,1
3259,0,0,0
3260,1,1,1
3261,0,0,1
3262,1,1,1
3263,1,1,1
3264,1,1,1
3265,0,0,1
3266,1,1,1
3267,0,0,1
3268,1,1,1
3269,1,1,1
3270,1,1,1
3271,0,0,1
3272,0,0,1
3273,1,1,1
3274,1,1,1
3275,0,0,1
3276,0,0,1
3277,1,1,1
3278,0,0,1
3279,0,0,1
3280,1,1,1
3281,0,0,1
3282,0,0,1
3283,0,0,0
3284,1,1,1
3285,0,0,1
3286,1,1,1
3287,1,1,1
3288,0,0,1
3289,0,0,1
3290,1,1,1
3291,0,0,0
3292,0,0,0
3293,0,0,0
3294,0,0,1
3295,0,0,1
3296,1,1,1
3297,1,1,1
3298,0,0,1
3299,1,1,1
3300,1,1,1
3301,0,0,1
3302,0,0,0
3303,0,0,1
3304,1,1,1
3305,1,1,1
3306,0,0,0
3307,0,0,1
3308,1,1,1
3309,0,0,1
3310,1,1,1
3311,1,1,1
3312,1,1,1
3313,0,0,1
3314,0,0,1
3315,1,1,1
3316,1,1,1
3317,0,0,1
3318,0,0,1
3319,1,1,1
3320,1,1,1
3321,0,0,0
3322,0,0,1
3323,0,0,1
3324,0,0,0
3325,1,1,1
3326,1,1,1
3327,1,1,1
3328,0,0,0
3329,1,1,1
3330,1,1,1
3331,0,0,1
3332,1,1,1
3333,0,0,1
3334,0,0,1
3335,1,1,1
3336,0,0,1
3337,0,0,1
3338,1,1,1
3339,1,1,1
3340,0,0,1
3341,1,1,1
3342,1,1,1
3343,0,0,1
3344,0,0,1
3345,0,0,1
3346,1,1,1
3347,0,0,0
3348,1,1,1
3349,0,0,1
3350,1,1,1
3351,0,0,0
3352,0,0,1
3353,0,0,1
3354,0,0,0
3355,0,0,1
3356,0,0,0
3357,0,0,0
3358,0,0,0
3359,0,0,1
3360,1,1,1
3361,0,0,1
3362,1,1,1
3363,1,1,1
3364,0,0,1
3365,0,0,1
3366,1,1,1
3367,1,1,1
3368,1,1,1
3369,0,0,1
3370,1,1,1
3371,0,0,0
3372,0,0,0
3373,0,0,1
3374,1,1,1
3375,0,0,0
3376,1,1,1
3377,0,0,0
3378,1,1,1
3379,0,0,1
3380,1,1,1
3381,0,0,1
3382,0,0,1
3383,0,0,0
3384,0,0,0
3385,1,1,1
3386,1,1,1
3387,1,1,1
3388,0,0,0
3389,1,1,1
3390,1,1,1
3391,1,1,1
3392,0,0,1
3393,0,0,1
3394,0,0,1
3395,0,0,0
3396,0,0,0
3397,1,1,1
3398,0,0,0
3399,1,1,1
3400,0,0,1
3401,1,1,1
3402,0,0,1
3403,0,0,0
3404,0,0,1
3405,0,0,0
3406,0,0,1
3407,0,0,1
3408,0,0,0
3409,1,1,1
3410,1,1,1
3411,1,1,1
3412,0,0,0
3413,0,0,1
3414,1,1,1
3415,0,0,1
3416,1,1,1
3417,1,1,1
3418,1,1,1
3419,0,0,0
3420,1,1,1
3421,1,1,1
3422,0,0,1
3423,1,1,1
3424,1,1,1
3425,1,1,1
3426,1,1,1
3427,1,1,1
3428,1,1,1
3429,0,0,1
3430,1,1,1
3431,0,0,1
3432,1,1,1
3433,1,1,1
3434,0,0,1
3435,1,1,1
3436,1,1,1
3437,1,1,1
3438,1,1,1
3439,1,1,1
3440,0,0,0
3441,1,1,1
3442,0,0,1
3443,1,1,1
3444,0,0,0
3445,1,1,1
3446,1,1,1
3447,0,0,1
3448,1,1,1
3449,0,0,0
3450,0,0,1
3451,1,1,1
3452,1,1,1
3453,1,1,1
3454,1,1,1
3455,1,1,1
3456,1,1,1
3457,1,1,1
3458,0,0,0
3459,1,1,1
3460,0,0,0
3461,1,1,1
3462,0,0,1
3463,1,1,1
3464,1,1,1
3465,1,1,1
3466,1,1,1
3467,0,0,0
3468,1,1,1
3469,0,0,0
3470,1,1,1
3471,0,0,0
3472,0,0,1
3473,1,1,1
3474,1,1,1
3475,0,0,0
3476,0,0,0
3477,0,0,0
3478,1,1,1
3479,1,1,1
3480,1,1,1
3481,1,1,1
3482,0,0,0
3483,1,1,1
3484,1,1,1
3485,0,0,0
3486,0,0,0
3487,1,1,1
3488,0,0,0
3489,0,0,0
3490,0,0,1
3491,1,1,1
3492,0,0,1
3493,1,1,1
3494,1,1,1
3495,1,1,1
3496,1,1,1
3497,0,0,1
3498,0,0,1
3499,0,0,1
3500,1,1,1
3501,0,0,1
3502,0,0,1
3503,0,0,1
3504,0,0,0
3505,1,1,1
3506,0,0,1
3507,0,0,0
3508,0,0,1
3509,1,1,1
3510,1,1,1
3511,1,1,1
3512,1,1,1
3513,1,1,1
3514,0,0,0
3515,1,1,1
3516,1,1,1
3517,0,0,1
3518,1,1,1
3519,0,0,1
3520,1,1,1
3521,0,0,0
3522,1,1,1
3523,1,1,1
3524,1,1,1
3525,1,1,1
3526,0,0,0
3527,0,0,1
3528,1,1,1
3529,0,0,0
3530,0,0,0
3531,1,1,1
3532,0,0,1
3533,0,0,1
3534,1,1,1
3535,0,0,1
3536,0,0,1
3537,0,0,0
3538,1,1,1
3539,1,1,1
3540,1,1,1
3541,1,1,1
3542,0,0,0
3543,1,1,1
3544,0,0,0
3545,1,1,1
3546,0,0,1
3547,0,0,0
3548,1,1,1
3549,1,1,1
3550,1,1,1
3551,1,1,1
3552,1,1,1
3553,1,1,1
3554,0,0,1
3555,1,1,1
3556,0,0,1
3557,1,1,1
3558,1,1,1
3559,1,1,1
3560,1,1,1
3561,0,0,1
3562,1,1,1
3563,1,1,1
3564,1,1,1
3565,1,1,1
3566,1,1,1
3567,1,1,1
3568,1,1,1
3569,1,1,1
3570,1,1,1
3571,0,0,1
3572,1,1,1
3573,0,0,1
3574,1,1,1
3575,1,1,1
3576,1,1,1
3577,0,0,0
3578,1,1,1
3579,0,0,1
3580,0,0,1
3581,0,0,1
3582,0,0,1
3583,1,1,1
3584,0,0,1
3585,0,0,0
3586,0,0,0
3587,1,1,1
3588,0,0,1
3589,1,1,1
3590,1,1,1
3591,0,0,1
3592,1,1,1
3593,0,0,0
3594,0,0,0
3595,1,1,1
3596,0,0,0
3597,1,1,1
3598,1,1,1
3599,0,0,0
3600,0,0,1
3601,0,0,1
3602,0,0,1
3603,1,1,1
3604,0,0,0
3605,0,0,1
3606,0,0,1
3607,0,0,1
3608,1,1,1
3609,0,0,1
3610,0,0,0
3611,0,0,1
3612,1,1,1
3613,1,1,1
3614,1,1,1
3615,1,1,1
3616,1,1,1
3617,1,1,1
3618,0,0,0
3619,0,0,0
3620,0,0,0
3621,1,1,1
3622,0,0,0
3623,0,0,0
3624,1,1,1
3625,1,1,1
3626,1,1,1
3627,1,1,1
3628,1,1,1
3629,1,1,1
3630,1,1,1
3631,0,0,0
3632,0,0,1
3633,0,0,0
3634,0,0,1
3635,1,1,1
3636,1,1,1
3637,1,1,1
3638,1,1,1
3639,1,1,1
3640,1,1,1
3641,1,1,1
3642,0,0,1
3643,1,1,1
3644,0,0,1
3645,0,0,1
3646,1,1,1
3647,0,0,1
3648,0,0,0
3649,1,1,1
3650,0,0,1
3651,1,1,1
3652,0,0,1
3653,1,1,1
3654,0,0,1
3655,0,0,0
3656,1,1,1
3657,0,0,1
3658,1,1,1
3659,1,1,1
3660,1,1,1
3661,0,0,0
3662,1,1,1
3663,0,0,0
3664,0,0,0
3665,1,1,1
3666,1,1,1
3667,1,1,1
3668,0,0,0
3669,0,0,0
3670,1,1,1
3671,0,0,1
3672,1,1,1
3673,0,0,1
3674,1,1,1
3675,1,1,1
3676,0,0,1
3677,1,1,1
3678,1,1,1
3679,1,1,1
3680,0,0,0
3681,1,1,1
3682,0,0,1
3683,1,1,1
3684,1,1,1
3685,1,1,1
3686,0,0,1
3687,0,0,1
3688,1,1,1
3689,0,0,1
3690,0,0,1
3691,0,0,1
3692,1,1,1
3693,1,1,1
3694,1,1,1
3695,1,1,1
3696,0,0,0
3697,0,0,0
3698,1,1,1
3699,1,1,1
3700,0,0,1
3701,0,0,0
3702,0,0,1
3703,0,0,0
3704,0,0,1
3705,1,1,1
3706,0,0,0
3707,0,0,0
3708,1,1,1
3709,1,1,1
3710,0,0,1
3711,1,1,1
3712,1,1,1
3713,0,0,1
3714,0,0,1
3715,0,0,1
3716,0,0,1
3717,0,0,0
3718,0,0,1
3719,0,0,0
3720,1,1,1
3721,1,1,1
3722,1,1,1
3723,1,1,1
3724,0,0,1
3725,1,1,1
3726,0,0,1
3727,0,0,0
3728,1,1,1
3729,0,0,1
3730,1,1,1
3731,0,0,0
3732,1,1,1
3733,0,0,1
3734,0,0,1
3735,0,0,0
3736,0,0,0
3737,1,1,1
3738,1,1,1
3739,1,1,1
3740,0,0,1
3741,0,0,1
3742,1,1,1
3743,0,0,1
3744,1,1,1
3745,0,0,1
3746,0,0,1
3747,0,0,0
3748,0,0,0
3749,0,0,0
3750,0,0,0
3751,1,1,1
3752,1,1,1
3753,1,1,1
3754,1,1,1
3755,0,0,1
3756,1,1,1
3757,0,0,0
3758,1,1,1
3759,0,0,0
3760,0,0,1
3761,0,0,1
3762,0,0,1
3763,0,0,1
3764,1,1,1
3765,1,1,1
3766,0,0,1
3767,1,1,1
3768,0,0,1
3769,1,1,1
3770,0,0,0
3771,1,1,1
3772,1,1,1
3773,0,0,1
3774,0,0,1
3775,0,0,0
3776,0,0,0
3777,0,0,0
3778,0,0,1
3779,0,0,1
3780,1,1,1
3781,1,1,1
3782,1,1,1
3783,1,1,1
3784,0,0,0
3785,1,1,1
3786,0,0,0
3787,0,0,1
3788,0,0,1
3789,0,0,0
3790,0,0,1
3791,0,0,0
3792,1,1,1
3793,0,0,1
3794,0,0,0
3795,1,1,1
3796,0,0,1
3797,1,1,1
3798,1,1,1
3799,1,1,1
3800,0,0,1
3801,0,0,1
3802,0,0,0
3803,1,1,1
3804,1,1,1
3805,1,1,1
3806,1,1,1
3807,1,1,1
3808,0,0,1
3809,0,0,1
3810,1,1,1
3811,1,1,1
3812,1,1,1
3813,1,1,1
3814,1,1,1
3815,1,1,1
3816,0,0,1
3817,1,1,1
3818,1,1,1
3819,0,1,1
3820,0,0,1
3821,0,0,1
3822,1,1,1
3823,0,0,0
3824,1,1,1
3825,1,1,1
3826,0,0,1
3827,1,1,1
3828,0,0,0
3829,0,0,1
3830,0,0,1
3831,0,0,1
3832,1,1,1
3833,0,0,1
3834,1,1,1
3835,0,0,1
3836,1,1,1
3837,0,0,1
3838,0,0,1
3839,1,1,1
3840,0,0,0
3841,1,1,1
3842,1,1,1
3843,1,1,1
3844,1,1,1
3845,1,1,1
3846,0,0,1
3847,0,0,0
3848,1,1,1
3849,1,1,1
3850,0,0,1
3851,0,0,1
3852,0,0,1
3853,1,1,1
3854,1,1,1
3855,1,1,1
3856,1,1,1
3857,1,1,1
3858,1,1,1
3859,1,1,1
3860,0,0,1
3861,1,1,1
3862,1,1,1
3863,1,1,1
3864,0,0,0
3865,1,1,1
3866,0,0,1
3867,0,0,1
3868,1,1,1
3869,0,0,1
3870,1,1,1
3871,0,0,0
3872,0,0,0
3873,1,1,1
3874,0,0,0
3875,0,0,0
3876,0,0,1
3877,0,0,1
3878,0,0,0
3879,0,0,0
3880,0,0,0
3881,1,1,1
3882,1,1,1
3883,1,1,1
3884,1,1,1
3885,1,1,1
3886,0,0,1
3887,0,0,1
3888,0,0,0
3889,0,0,1
3890,1,1,1
3891,1,1,1
3892,0,0,1
3893,1,1,1
3894,0,0,1
3895,0,0,1
3896,0,0,0
3897,1,1,1
3898,0,0,1
3899,0,0,1
3900,0,0,1
3901,1,1,1
3902,1,1,1
3903,0,0,0
3904,1,1,1
3905,0,0,1
3906,0,0,0
3907,1,1,1
3908,1,1,1
3909,0,0,1
3910,1,1,1
3911,1,1,1
3912,1,1,1
3913,0,0,0
3914,0,0,0
3915,1,1,1
3916,1,1,1
3917,1,1,1
3918,0,0,1
3919,0,0,0
3920,1,1,1
3921,1,1,1
3922,0,0,1
3923,1,1,1
3924,0,0,0
3925,0,0,1
3926,0,0,1
3927,1,1,1
3928,1,1,1
3929,1,1,1
3930,1,1,1
3931,1,1,1
3932,0,0,1
3933,1,1,1
3934,1,1,1
3935,1,1,1
3936,0,0,1
3937,0,0,1
3938,1,1,1
3939,0,0,0
3940,0,0,1
3941,1,1,1
3942,0,0,1
3943,0,0,1
3944,0,0,0
3945,0,0,1
3946,1,1,1
3947,1,1,1
3948,0,0,1
3949,0,0,1
3950,0,0,0
3951,0,0,0
3952,1,1,1
3953,0,0,1
3954,1,1,1
3955,0,0,1
3956,1,1,1
3957,0,0,1
3958,1,1,1
3959,1,1,1
3960,1,1,1
3961,1,1,1
3962,0,0,1
3963,1,1,1
3964,1,1,1
3965,0,0,1
3966,0,0,0
3967,1,1,1
3968,0,0,0
3969,0,0,1
3970,1,1,1
3971,1,1,1
3972,0,0,0
3973,1,1,1
3974,1,1,1
3975,1,1,1
3976,0,0,1
3977,1,1,1
3978,0,0,0
3979,0,0,1
3980,1,1,1
3981,0,0,0
3982,0,0,1
3983,0,0,1
3984,1,1,1
3985,1,1,1
3986,0,0,1
3987,0,0,0
3988,0,0,0
3989,0,0,1
3990,1,1,1
3991,1,1,1
3992,1,1,1
3993,0,0,0
3994,1,1,1
3995,1,1,1
3996,0,0,1
3997,0,0,0
3998,0,0,1
3999,0,0,1
4000,1,1,1
4001,1,1,1
4002,0,0,1
4003,0,0,1
4004,1,1,1
4005,1,1,1
4006,1,1,1
4007,0,0,1
4008,0,0,1
4009,1,1,1
4010,1,1,1
4011,0,0,1
4012,0,0,1
4013,1,1,1
4014,0,0,0
4015,0,0,0
4016,1,0,0
4017,1,1,1
4018,0,0,1
4019,1,1,1
4020,1,1,1
4021,1,1,1
4022,1,1,1
4023,1,1,1
4024,1,1,1
4025,0,0,0
4026,1,1,1
4027,0,0,0
4028,0,0,1
4029,0,0,1
4030,0,0,1
4031,0,0,1
4032,0,0,0
4033,0,0,1
4034,1,1,1
4035,0,0,1
4036,0,0,1
4037,1,1,1
4038,1,1,1
4039,0,0,0
4040,1,1,1
4041,1,1,1
4042,1,1,1
4043,0,0,1
4044,0,0,1
4045,1,1,1
4046,0,0,1
4047,0,0,0
4048,1,1,1
4049,1,1,1
4050,1,1,1
4051,1,1,1
4052,1,1,1
4053,0,0,1
4054,0,0,1
4055,1,1,1
4056,1,1,1
4057,1,1,1
4058,0,0,0
4059,1,1,1
4060,1,1,1
4061,1,1,1
4062,0,0,0
4063,0,0,0
4064,1,1,1
4065,0,0,1
4066,0,0,1
4067,0,0,0
4068,0,0,1
4069,0,0,1
4070,1,1,1
4071,0,0,1
4072,0,0,1
4073,1,1,1
4074,0,0,0
4075,1,1,1
4076,1,1,1
4077,0,0,0
4078,0,0,1
4079,0,0,1
4080,1,1,1
4081,0,0,1
4082,0,0,1
4083,0,0,0
4084,0,0,1
4085,1,1,1
4086,1,1,1
4087,1,1,1
4088,1,1,1
4089,1,1,1
4090,1,1,1
4091,0,0,1
4092,0,0,1
4093,0,0,1
4094,0,0,0
4095,1,1,1
4096,1,1,1
4097,1,1,1
4098,1,1,1
4099,0,0,0
4100,0,0,0
4101,0,0,1
4102,0,0,0
4103,0,0,0
4104,0,0,0
4105,0,0,1
4106,0,0,1
4107,0,0,0
4108,0,0,1
4109,0,0,1
4110,0,0,1
4111,1,1,1
4112,0,0,0
4113,0,0,1
4114,1,1,1
4115,1,1,1
4116,0,0,0
4117,1,1,1
4118,1,1,1
4119,1,1,1
4120,0,0,1
4121,1,1,1
4122,0,0,1
4123,1,1,1
4124,1,1,1
4125,1,1,1
4126,0,0,1
4127,0,0,0
4128,0,0,1
4129,0,0,0
4130,0,0,0
4131,0,0,0
4132,0,0,1
4133,0,0,0
4134,0,0,0
4135,1,1,1
4136,1,1,1
4137,1,1,1
4138,0,0,1
4139,1,1,1
4140,0,0,1
4141,1,1,1
4142,0,0,1
4143,0,0,1
4144,1,1,1
4145,0,0,1
4146,0,0,1
4147,0,0,0
4148,0,0,0
4149,0,0,1
4150,1,1,1
4151,0,0,0
4152,0,0,1
4153,1,1,1
4154,0,0,1
4155,1,1,1
4156,1,1,1
4157,0,0,1
4158,1,1,1
4159,0,0,0
4160,0,0,1
4161,0,0,1
4162,1,1,1
4163,1,1,1
4164,0,0,1
4165,1,1,1
4166,1,1,1
4167,0,0,1
4168,1,1,1
4169,0,0,1
4170,0,0,0
4171,0,0,1
4172,1,1,1
4173,0,0,1
4174,1,1,1
4175,0,0,1
4176,1,1,1
4177,1,1,1
4178,0,0,0
4179,0,0,0
4180,1,0,1
4181,0,0,1
4182,1,1,1
4183,1,1,1
4184,0,0,0
4185,0,0,0
4186,0,0,1
4187,0,0,1
4188,1,1,1
4189,0,0,1
4190,1,1,1
4191,0,0,1
4192,0,0,0
4193,0,0,0
4194,1,1,1
4195,0,0,1
4196,1,1,1
4197,1,1,1
4198,1,1,1
4199,0,0,0
4200,0,0,1
4201,0,0,0
4202,1,1,1
4203,0,0,1
4204,1,1,1
4205,0,0,0
4206,0,0,1
4207,0,0,1
4208,1,1,1
4209,0,0,0
4210,0,0,1
4211,1,1,1
4212,0,0,1
4213,0,0,0
4214,0,0,0
4215,0,0,0
4216,1,1,1
4217,0,0,0
4218,1,1,1
4219,1,1,1
4220,0,0,0
4221,0,0,0
4222,1,1,1
4223,1,1,1
4224,1,1,1
4225,1,1,1
4226,0,0,0
4227,1,1,1
4228,1,1,1
4229,0,0,1
4230,1,1,1
4231,0,0,1
4232,0,0,1
4233,1,1,1
4234,0,0,0
4235,0,0,0
4236,0,0,0
4237,1,1,1
4238,0,0,1
4239,1,1,1
4240,1,1,1
4241,0,0,0
4242,0,0,1
4243,1,1,1
4244,1,1,1
4245,0,0,0
4246,0,0,1
4247,1,1,1
4248,1,1,1
4249,0,0,1
4250,0,0,0
4251,0,0,0
4252,0,0,0
4253,0,0,0
4254,1,1,1
4255,1,1,1
4256,0,0,1
4257,0,0,0
4258,0,0,1
4259,1,1,1
4260,1,1,1
4261,0,0,0
4262,0,0,0
4263,0,0,0
4264,0,0,1
4265,1,1,1
4266,0,0,0
4267,0,0,0
4268,0,0,1
4269,0,0,0
4270,0,0,1
4271,1,1,1
4272,0,0,0
4273,0,0,0
4274,0,0,0
4275,0,0,1
4276,0,0,0
4277,1,1,1
4278,0,0,0
4279,0,0,0
4280,0,0,1
4281,0,0,0
4282,1,1,1
4283,1,1,1
4284,1,1,1
4285,0,0,1
4286,1,1,1
4287,1,1,1
4288,1,1,1
4289,1,1,1
4290,0,0,0
4291,0,0,1
4292,1,1,1
4293,0,0,1
4294,0,0,1
4295,1,1,1
4296,0,0,0
4297,0,0,1
4298,1,1,1
4299,1,1,1
4300,1,1,1
4301,0,0,0
4302,0,0,1
4303,1,1,1
4304,1,1,1
4305,1,1,1
4306,1,1,1
4307,1,1,1
4308,0,0,0
4309,0,0,1
4310,0,0,0
4311,0,0,0
4312,1,1,1
4313,0,0,1
4314,1,1,1
4315,0,0,0
4316,0,0,1
4317,1,1,1
4318,1,1,1
4319,1,1,1
4320,0,0,0
4321,1,1,1
4322,1,1,1
4323,0,0,1
4324,0,0,1
4325,1,1,1
4326,1,1,1
4327,1,1,1
4328,1,1,1
4329,0,0,0
4330,0,0,0
4331,0,0,1
4332,0,0,1
4333,0,0,1
4334,0,0,1
4335,0,0,1
4336,1,1,1
4337,0,0,0
4338,0,0,1
4339,1,1,1
4340,1,1,1
4341,0,0,1
4342,1,1,1
4343,1,1,1
4344,0,0,1
4345,1,1,1
4346,1,1,1
4347,1,1,1
4348,0,0,1
4349,1,1,1
4350,1,1,1
4351,0,0,0
4352,1,1,1
4353,0,0,0
4354,1,1,1
4355,1,1,1
4356,1,1,1
4357,1,1,1
4358,1,1,1
4359,1,1,1
4360,1,1,1
4361,0,0,0
4362,0,0,1
4363,0,0,0
4364,1,1,1
4365,1,1,1
4366,1,1,1
4367,0,0,1
4368,1,1,1
4369,1,1,1
4370,1,1,1
4371,0,0,0
4372,1,1,1
4373,0,0,0
4374,1,1,1
4375,0,0,1
4376,1,1,1
4377,1,1,1
4378,0,0,0
4379,1,1,1
4380,0,0,1
4381,0,0,1
4382,1,1,1
4383,0,0,0
4384,1,1,1
4385,1,1,1
4386,0,0,1
4387,1,1,1
4388,0,0,0
4389,0,0,1
4390,0,0,0
4391,0,0,1
4392,0,0,1
4393,1,1,1
4394,1,1,1
4395,0,0,0
4396,0,0,0
4397,0,0,0
4398,1,1,1
4399,0,0,1
4400,1,1,1
4401,1,1,1
4402,1,1,1
4403,0,0,1
4404,1,1,1
4405,0,0,1
4406,0,0,1
4407,0,0,0
4408,0,0,1
4409,0,0,1
4410,0,0,1
4411,0,0,1
4412,1,1,1
4413,1,1,1
4414,1,1,1
4415,0,0,1
4416,1,1,1
4417,1,1,1
4418,0,0,0
4419,0,0,1
4420,1,1,1
4421,0,0,0
4422,0,0,0
4423,1,1,1
4424,0,0,1
4425,0,0,1
4426,0,0,0
4427,1,1,1
4428,1,1,1
4429,1,1,1
4430,1,1,1
4431,0,0,1
4432,0,0,1
4433,1,1,1
4434,1,1,1
4435,0,0,1
4436,1,1,1
4437,1,1,1
4438,1,1,1
4439,1,1,1
4440,1,1,1
4441,1,1,1
4442,0,0,1
4443,1,1,1
4444,0,0,1
4445,1,1,1
4446,0,0,0
4447,1,1,1
4448,0,0,1
4449,1,1,1
4450,0,0,0
4451,1,1,1
4452,0,0,1
4453,0,0,1
4454,1,1,1
4455,1,1,1
4456,0,0,1
4457,0,0,1
4458,1,1,1
4459,0,0,1
4460,0,0,0
4461,0,0,0
4462,0,0,1
4463,0,0,1
4464,0,0,0
4465,1,1,1
4466,0,0,1
4467,1,1,1
4468,1,1,1
4469,0,0,1
4470,1,1,1
4471,1,1,1
4472,0,0,1
4473,1,1,1
4474,0,0,0
4475,0,0,1
4476,1,1,1
4477,1,1,1
4478,1,1,1
4479,0,0,1
4480,1,1,1
4481,1,1,1
4482,1,1,1
4483,1,1,1
4484,1,1,1
4485,1,1,1
4486,0,0,1
4487,0,0,0
4488,0,0,0
4489,0,0,1
4490,0,0,1
4491,0,0,0
4492,1,1,1
4493,0,0,1
4494,0,0,0
4495,0,0,1
4496,0,0,0
4497,0,0,1
4498,1,1,1
4499,0,0,0
4500,0,0,1
4501,0,0,1
4502,1,1,1
4503,0,0,1
4504,0,0,1
4505,1,1,1
4506,1,1,1
4507,1,1,1
4508,1,1,1
4509,0,0,0
4510,0,0,1
4511,0,0,0
4512,0,0,1
4513,1,1,1
4514,1,1,1
4515,0,0,1
4516,0,0,1
4517,1,1,1
4518,0,0,1
4519,1,1,1
4520,0,0,0
4521,1,1,1
4522,0,0,0
4523,1,1,1
4524,1,1,1
4525,0,0,0
4526,0,0,1
4527,1,1,1
4528,0,0,0
4529,1,1,1
4530,0,0,1
4531,0,1,1
4532,1,1,1
4533,1,1,1
4534,1,1,1
4535,0,0,0
4536,0,0,0
4537,0,0,0
4538,1,1,1
4539,1,1,1
4540,0,0,1
4541,1,1,1
4542,0,0,1
4543,0,0,0
4544,1,1,1
4545,0,0,1
4546,1,1,1
4547,1,1,1
4548,1,1,1
4549,0,0,0
4550,0,0,0
4551,1,1,1
4552,0,0,1
4553,1,1,1
4554,0,0,0
4555,0,0,1
4556,0,0,1
4557,1,1,1
4558,1,1,1
4559,1,1,1
4560,0,0,1
4561,1,1,1
4562,1,1,1
4563,0,0,1
4564,0,0,0
4565,0,0,1
4566,0,0,1
4567,1,1,1
4568,1,1,1
4569,0,0,1
4570,1,1,1
4571,1,1,1
4572,1,1,1
4573,1,1,1
4574,0,0,0
4575,0,0,0
4576,1,1,1
4577,0,0,1
4578,1,1,1
4579,1,1,1
4580,0,0,1
4581,0,0,1
4582,0,0,1
4583,0,0,1
4584,0,0,0
4585,0,0,0
4586,1,1,1
4587,0,0,1
4588,1,1,1
4589,0,0,1
4590,0,0,0
4591,0,0,1
4592,1,1,1
4593,0,0,1
4594,0,0,1
4595,0,0,1
4596,1,1,1
4597,0,0,0
4598,1,1,1
4599,1,1,1
4600,0,0,0
4601,1,1,1
4602,0,0,0
4603,1,1,1
4604,1,1,1
4605,0,0,0
4606,1,1,1
4607,1,1,1
4608,0,0,1
4609,1,1,1
4610,0,0,0
4611,1,1,1
4612,1,1,1
4613,0,0,1
4614,0,0,1
4615,1,1,1
4616,1,1,1
4617,1,1,1
4618,1,1,1
4619,1,1,1
4620,0,0,1
4621,1,1,1
4622,0,0,1
4623,1,1,1
4624,0,0,0
4625,1,1,1
4626,0,0,0
4627,1,1,1
4628,0,0,1
4629,0,0,0
4630,0,0,1
4631,0,0,1
4632,0,0,0
4633,0,0,1
4634,0,0,1
4635,0,0,1
4636,1,1,1
4637,0,0,1
4638,0,0,0
4639,0,0,1
4640,0,0,1
4641,0,0,1
4642,1,1,1
4643,0,0,1
4644,1,1,1
4645,1,1,1
4646,1,1,1
4647,1,1,1
4648,1,1,1
4649,1,1,1
4650,1,1,1
4651,0,0,0
4652,0,0,1
4653,0,0,0
4654,0,0,1
4655,1,1,1
4656,0,0,1
4657,0,0,1
4658,0,0,0
4659,1,1,1
4660,1,1,1
4661,1,1,1
4662,1,1,1
4663,1,1,1
4664,1,1,1
4665,1,1,1
4666,0,0,1
4667,0,0,1
4668,1,1,1
4669,1,1,1
4670,0,0,1
4671,1,1,1
4672,0,0,1
4673,1,1,1
4674,0,0,0
4675,0,0,0
4676,1,1,1
4677,1,1,1
4678,1,1,1
4679,1,1,1
4680,1,1,1
4681,1,1,1
4682,0,0,0
4683,1,1,1
4684,1,1,1
4685,0,0,1
4686,1,1,1
4687,0,0,1
4688,1,1,1
4689,1,1,1
4690,1,1,1
4691,1,1,1
4692,0,0,1
4693,1,1,1
4694,1,1,1
4695,1,1,1
4696,0,0,1
4697,1,1,1
4698,0,0,1
4699,0,0,0
4700,0,0,1
4701,1,1,1
4702,1,1,1
4703,0,0,0
4704,1,1,1
4705,1,1,1
4706,1,1,1
4707,1,1,1
4708,1,1,1
4709,0,0,0
4710,1,1,1
4711,1,1,1
4712,1,1,1
4713,0,0,0
4714,0,0,1
4715,1,1,1
4716,1,1,1
4717,0,0,0
4718,1,1,1
4719,0,0,1
4720,1,1,1
4721,0,0,1
4722,0,0,0
4723,1,1,1
4724,1,1,1
4725,0,0,0
4726,1,1,1
4727,0,0,1
4728,0,0,1
4729,0,0,1
4730,0,0,0
4731,1,1,1
4732,1,1,1
4733,0,0,0
4734,1,1,1
4735,1,1,1
4736,0,0,0
4737,0,0,0
4738,0,0,0
4739,1,1,1
4740,1,1,1
4741,1,1,1
4742,0,0,1
4743,1,1,1
4744,1,1,1
4745,1,1,1
4746,1,1,1
4747,1,1,1
4748,1,1,1
4749,1,1,1
4750,0,0,1
4751,1,1,1
4752,1,1,1
4753,1,1,1
4754,0,0,0
4755,1,1,1
4756,0,0,1
4757,1,1,1
4758,0,0,0
4759,1,1,1
4760,0,0,1
4761,1,1,1
4762,1,1,1
4763,1,1,1
4764,1,1,1
4765,1,1,1
4766,1,1,1
4767,1,1,1
4768,0,0,0
4769,1,1,1
4770,1,1,1
4771,0,0,0
4772,1,1,1
4773,1,1,1
4774,1,1,1
4775,1,1,1
4776,1,1,1
4777,0,0,0
4778,0,0,0
4779,0,0,1
4780,1,1,1
4781,0,0,0
4782,0,0,1
4783,0,0,0
4784,1,1,1
4785,1,1,1
4786,0,0,1
4787,1,1,1
4788,1,1,1
4789,0,0,0
4790,0,0,1
4791,0,0,1
4792,0,0,1
4793,0,0,0
4794,0,0,0
4795,0,0,0
4796,0,0,1
4797,1,1,1
4798,1,1,1
4799,0,0,0
4800,0,0,1
4801,1,1,1
4802,1,1,1
4803,0,0,0
4804,0,0,1
4805,0,0,0
4806,1,1,1
4807,1,1,1
4808,1,1,1
4809,1,1,1
4810,0,0,1
4811,0,1,1
4812,1,1,1
4813,0,0,1
4814,1,1,1
4815,1,1,1
4816,1,1,1
4817,0,0,1
4818,0,0,1
4819,1,1,1
4820,1,1,1
4821,1,1,1
4822,0,0,1
4823,0,0,0
4824,1,1,1
4825,1,1,1
4826,0,0,1
4827,0,0,1
4828,1,1,1
4829,0,0,1
4830,1,1,1
4831,0,0,1
4832,1,1,1
4833,0,0,1
4834,0,0,1
4835,0,0,1
4836,1,1,1
4837,0,0,0
4838,0,0,0
4839,1,1,1
4840,0,0,1
4841,1,1,1
4842,0,0,1
4843,0,0,0
4844,1,1,1
4845,0,0,0
4846,0,0,0
4847,1,1,1
4848,0,0,0
4849,1,1,1
4850,0,0,0
4851,1,1,1
4852,0,0,1
4853,1,1,1
4854,0,0,1
4855,1,1,1
4856,0,0,0
4857,1,1,1
4858,0,0,1
4859,1,1,1
4860,0,0,0
4861,1,1,1
4862,0,0,0
4863,0,0,1
4864,1,1,1
4865,1,1,1
4866,1,1,1
4867,1,1,1
4868,1,1,1
4869,1,1,1
4870,1,1,1
4871,0,0,1
4872,0,0,1
4873,1,1,1
4874,1,1,1
4875,0,0,0
4876,1,1,1
4877,0,0,1
4878,0,0,0
4879,1,1,1
4880,1,1,1
4881,1,1,1
4882,0,0,0
4883,0,0,1
4884,1,1,1
4885,1,1,1
4886,1,1,1
4887,0,0,0
4888,0,0,1
4889,0,0,1
4890,0,0,1
4891,1,1,1
4892,1,1,1
4893,0,0,1
4894,0,0,1
4895,1,1,1
4896,0,0,1
4897,0,0,1
4898,1,1,1
4899,1,1,1
4900,0,0,1
4901,1,1,1
4902,1,1,1
4903,1,1,1
4904,0,0,1
4905,1,1,1
4906,1,1,1
4907,1,1,1
4908,1,1,1
4909,0,0,1
4910,1,1,1
4911,1,1,1
4912,0,0,0
4913,0,0,1
4914,1,1,1
4915,1,1,1
4916,0,0,0
4917,0,0,0
4918,0,0,1
4919,0,0,0
4920,0,0,1
4921,1,1,1
4922,1,1,1
4923,0,0,1
4924,0,0,0
4925,1,1,1
4926,1,1,1
4927,0,0,1
4928,0,0,1
4929,1,1,1
4930,0,0,1
4931,0,0,0
4932,0,0,1
4933,1,1,1
4934,1,1,1
4935,0,0,0
4936,0,0,1
4937,0,0,0
4938,0,0,0
4939,0,0,1
4940,1,1,1
4941,1,1,1
4942,1,1,0
4943,0,0,1
4944,0,0,0
4945,1,1,1
4946,1,1,1
4947,0,0,0
4948,1,1,1
4949,0,0,1
4950,1,1,1
4951,1,1,1
4952,1,1,1
4953,1,1,1
4954,1,1,1
4955,1,1,1
4956,0,0,0
4957,0,0,0
4958,1,1,1
4959,1,1,1
4960,1,1,1
4961,1,1,1
4962,1,1,1
4963,0,0,0
4964,0,0,0
4965,0,0,1
4966,0,0,1
4967,0,0,0
4968,0,0,1
4969,1,1,1
4970,0,0,1
4971,1,1,1
4972,0,0,1
4973,1,1,1
4974,0,0,0
4975,0,0,1
4976,0,0,1
4977,0,0,1
4978,0,0,0
4979,1,1,1
4980,0,0,0
4981,0,0,0
4982,0,0,1
4983,0,0,0
4984,1,1,1
4985,1,1,1
4986,1,1,1
4987,1,1,1
4988,0,0,1
4989,0,0,1
4990,1,1,1
4991,1,1,1
4992,0,0,1
4993,0,0,0
4994,0,0,1
4995,1,1,1
4996,1,1,1
4997,1,1,1
4998,0,0,1
4999,1,1,1
5000,1,1,1
5001,0,0,1
5002,1,1,1
5003,1,1,1
5004,1,1,1
5005,1,1,1
5006,1,1,1
5007,1,1,1
5008,0,0,0
5009,1,1,1
5010,0,0,0
5011,1,1,1
5012,1,1,1
5013,1,1,1
5014,0,0,1
5015,1,1,1
5016,1,1,1
5017,0,0,1
5018,0,0,0
5019,0,0,0
5020,1,1,1
5021,1,1,1
5022,0,0,1
5023,1,1,1
5024,1,1,1
5025,0,0,1
5026,1,1,1
5027,1,1,1
5028,0,0,1
5029,0,0,1
5030,1,1,1
5031,0,0,1
5032,1,1,1
5033,0,0,1
5034,0,0,1
5035,0,0,1
5036,1,1,1
5037,0,0,1
5038,1,1,1
5039,0,0,1
5040,1,1,1
5041,0,0,0
5042,0,0,1
5043,0,0,0
5044,1,1,1
5045,1,1,1
5046,0,0,1
5047,1,1,1
5048,1,1,1
5049,1,1,1
5050,0,0,1
5051,1,1,1
5052,1,1,1
5053,0,0,1
5054,1,1,1
5055,0,0,1
5056,0,0,0
5057,0,0,1
5058,1,1,1
5059,0,0,0
5060,0,0,0
5061,0,0,1
5062,0,0,1
5063,0,0,1
5064,1,1,1
5065,1,1,1
5066,1,1,1
5067,0,0,0
5068,1,1,1
5069,1,1,1
5070,1,1,1
5071,0,0,0
5072,0,0,1
5073,0,0,0
5074,0,0,1
5075,0,0,0
5076,0,0,1
5077,0,0,1
5078,0,0,1
5079,0,0,0
5080,1,1,1
5081,0,0,0
5082,1,1,1
5083,1,1,1
5084,0,0,1
5085,0,0,1
5086,0,0,1
5087,1,1,1
5088,0,0,1
5089,0,0,0
5090,0,0,0
5091,1,1,1
5092,1,1,1
5093,0,0,0
5094,1,1,1
5095,1,0,0
5096,1,1,1
5097,1,1,1
5098,1,1,1
5099,1,1,1
5100,1,1,1
5101,1,1,1
5102,0,0,0
5103,1,1,1
5104,1,1,1
5105,1,1,1
5106,1,1,1
5107,0,0,1
5108,0,0,0
5109,0,0,0
5110,1,1,1
5111,0,0,0
5112,0,0,1
5113,0,0,0
5114,0,0,1
5115,0,0,0
5116,1,1,1
5117,0,0,0
5118,1,1,1
5119,1,1,1
5120,1,1,1
5121,1,1,1
5122,1,1,1
5123,1,1,1
5124,1,1,1
5125,1,1,1
5126,0,0,0
5127,1,1,1
5128,1,1,1
5129,1,1,1
5130,1,1,1
5131,0,0,0
5132,0,0,1
5133,1,1,1
5134,0,0,0
5135,1,1,1
5136,1,1,1
5137,0,0,1
5138,0,0,0
5139,1,1,1
5140,1,1,1
5141,0,0,0
5142,1,1,1
5143,1,1,1
5144,1,1,1
5145,1,1,1
5146,0,0,1
5147,1,1,1
5148,1,1,1
5149,0,0,1
5150,0,0,0
5151,0,0,0
5152,0,0,1
5153,1,1,1
5154,1,1,1
5155,0,0,1
5156,1,1,1
5157,1,1,1
5158,0,0,1
5159,0,0,1
5160,0,0,0
5161,0,0,1
5162,1,1,1
5163,1,1,1
5164,1,1,1
5165,0,0,1
5166,1,1,1
5167,0,0,1
5168,1,1,1
5169,1,1,1
5170,1,1,1
5171,0,0,1
5172,0,0,1
5173,1,1,1
5174,0,0,0
5175,0,0,1
5176,1,1,1
5177,0,0,0
5178,0,0,1
5179,1,1,1
5180,0,0,0
5181,0,0,1
5182,0,0,0
5183,0,0,1
5184,1,1,1
5185,1,1,1
5186,0,0,1
5187,1,1,1
5188,0,0,0
5189,1,1,1
5190,0,0,1
5191,1,1,1
5192,1,1,1
5193,1,1,1
5194,1,1,1
5195,1,1,1
5196,0,0,1
5197,1,1,1
5198,0,0,1
5199,0,0,1
5200,1,1,1
5201,0,0,0
5202,0,0,0
5203,0,0,0
5204,1,1,1
5205,1,1,1
5206,1,1,1
5207,0,0,1
5208,0,0,0
5209,1,1,1
5210,0,0,0
5211,1,1,1
5212,1,1,1
5213,0,0,1
5214,0,0,1
5215,0,0,1
5216,0,0,1
5217,1,1,1
5218,1,1,1
5219,1,1,1
5220,0,0,1
5221,1,1,1
5222,0,0,0
5223,1,1,1
5224,0,0,1
5225,1,1,1
5226,0,0,1
5227,1,1,1
5228,1,1,1
5229,1,1,1
5230,0,0,0
5231,1,1,1
5232,1,1,1
5233,0,0,1
5234,0,0,0
5235,0,0,0
5236,0,0,1
5237,0,0,0
5238,1,1,1
5239,1,1,1
5240,0,0,1
5241,1,0,1
5242,1,1,1
5243,1,1,1
5244,1,1,1
5245,0,0,1
5246,1,1,1
5247,0,0,0
5248,1,1,1
5249,1,1,1
5250,1,1,1
5251,1,1,1
5252,0,0,0
5253,1,1,1
5254,1,1,1
5255,0,0,1
5256,0,0,1
5257,0,0,1
5258,0,0,1
5259,1,1,1
5260,0,0,0
5261,0,0,1
5262,0,0,0
5263,1,1,1
5264,1,1,1
5265,0,0,1
5266,1,1,1
5267,0,0,1
5268,1,1,1
5269,0,0,1
5270,0,0,1
5271,1,1,1
5272,0,0,1
5273,1,1,1
5274,0,0,1
5275,0,0,0
5276,0,0,1
5277,0,0,1
5278,0,0,1
5279,0,0,0
5280,0,0,1
5281,0,0,0
5282,1,1,1
5283,1,1,1
5284,0,0,0
5285,1,1,1
5286,0,0,1
5287,0,0,1
5288,0,0,1
5289,0,0,0
5290,0,0,1
5291,1,1,1
5292,0,0,1
5293,0,0,1
5294,1,1,1
5295,1,1,1
5296,1,1,1
5297,1,1,1
5298,1,1,1
5299,1,1,1
5300,0,0,1
5301,1,1,1
5302,0,0,1
5303,1,1,1
5304,0,0,0
5305,0,0,0
5306,1,1,1
5307,1,1,1
5308,0,0,1
5309,1,1,1
5310,0,0,1
5311,0,0,0
5312,1,1,1
5313,0,0,1
5314,1,1,1
5315,1,1,1
5316,1,1,1
5317,0,0,1
5318,0,0,0
5319,1,1,1
5320,0,0,1
5321,0,0,1
5322,0,0,0
5323,1,1,1
5324,0,0,1
5325,0,0,0
5326,1,1,1
5327,0,0,1
5328,1,1,1
5329,1,1,1
5330,0,0,1
5331,1,1,1
5332,1,1,1
5333,0,0,1
5334,0,0,0
5335,1,1,1
5336,1,1,1
5337,1,1,1
5338,0,0,1
5339,0,0,1
5340,0,0,0
5341,1,1,1
5342,0,0,0
5343,1,1,1
5344,0,0,0
5345,1,1,1
5346,0,0,0
5347,0,0,1
5348,0,0,1
5349,0,0,0
5350,1,1,1
5351,1,1,1
5352,1,1,1
5353,0,0,0
5354,0,0,1
5355,1,1,1
5356,0,0,0
5357,1,1,1
5358,1,1,1
5359,1,1,1
5360,0,0,1
5361,1,1,1
5362,1,1,1
5363,1,1,1
5364,1,1,1
5365,0,0,0
5366,0,0,0
5367,1,1,1
5368,0,0,1
5369,1,1,1
5370,1,1,1
5371,0,0,1
5372,0,0,1
5373,1,1,1
5374,1,1,1
5375,0,0,1
5376,0,0,1
5377,0,0,1
5378,0,0,1
5379,0,0,1
5380,0,0,1
5381,1,1,1
5382,0,0,1
5383,1,1,1
5384,0,0,1
5385,0,0,1
5386,0,0,1
5387,1,1,1
5388,1,1,1
5389,1,1,1
5390,1,1,1
5391,0,0,1
5392,0,0,1
5393,1,1,1
5394,0,0,1
5395,0,0,0
5396,1,1,1
5397,0,0,1
5398,0,0,0
5399,0,0,0
5400,1,1,1
5401,0,0,1
5402,1,1,1
5403,1,1,1
5404,0,0,1
5405,1,1,1
5406,1,1,1
5407,0,0,0
5408,0,0,1
5409,1,1,1
5410,0,0,0
5411,0,0,1
5412,0,0,0
5413,0,0,1
5414,0,0,0
5415,1,1,1
5416,0,0,1
5417,1,1,1
5418,1,1,1
5419,1,1,1
5420,0,0,0
5421,0,0,0
5422,0,0,1
5423,0,0,1
5424,1,1,1
5425,0,0,1
5426,1,1,1
5427,1,1,1
5428,1,1,1
5429,0,0,1
5430,1,1,1
5431,0,0,1
5432,0,0,1
5433,1,1,1
5434,1,1,1
5435,1,1,1
5436,1,1,1
5437,1,1,1
5438,0,0,1
5439,1,1,1
5440,0,0,0
5441,0,0,1
5442,1,1,1
5443,1,1,1
5444,0,0,1
5445,1,1,1
5446,0,0,0
5447,1,1,1
5448,1,1,1
5449,1,1,1
5450,1,1,1
5451,0,0,1
5452,0,0,1
5453,1,1,1
5454,1,1,1
5455,1,1,1
5456,1,1,1
5457,1,1,1
5458,1,1,1
5459,0,0,0
5460,1,1,1
5461,0,0,1
5462,0,0,1
5463,0,0,1
5464,1,1,1
5465,1,1,1
5466,1,1,1
5467,1,1,1
5468,0,0,1
5469,1,1,1
5470,1,1,1
5471,0,0,1
5472,1,1,1
5473,0,0,0
5474,0,0,1
5475,0,0,1
5476,1,1,1
5477,0,0,1
5478,1,1,1
5479,0,0,1
5480,1,1,1
5481,1,1,1
5482,0,0,0
5483,1,1,1
5484,1,1,1
5485,0,0,0
5486,1,1,1
5487,0,0,0
5488,0,0,1
5489,0,0,0
5490,1,1,1
5491,1,1,1
5492,1,1,1
5493,0,0,1
5494,1,1,1
5495,0,0,0
5496,1,1,1
5497,0,0,1
5498,0,0,1
5499,1,1,1
5500,1,1,1
5501,1,1,1
5502,0,0,0
5503,0,0,1
5504,1,1,1
5505,1,1,1
5506,1,1,1
5507,1,1,1
5508,1,1,1
5509,1,1,1
5510,1,1,1
5511,1,1,1
5512,1,1,1
5513,1,1,1
5514,1,1,1
5515,0,0,1
5516,1,1,1
5517,1,1,1
5518,1,1,1
5519,1,1,1
5520,0,0,0
5521,0,0,1
5522,0,0,1
5523,1,1,1
5524,0,0,1
5525,0,0,1
5526,0,0,0
5527,1,1,1
5528,0,0,0
5529,0,0,1
5530,1,1,1
5531,0,0,1
5532,1,1,1
5533,0,0,0
5534,1,1,1
5535,0,0,0
5536,1,1,1
5537,0,0,1
5538,1,1,1
5539,0,0,0
5540,1,1,1
5541,0,0,1
5542,0,0,0
5543,1,1,1
5544,1,1,1
5545,1,1,1
5546,0,0,0
5547,0,0,0
5548,1,1,1
5549,0,0,1
5550,1,1,1
5551,0,0,1
5552,1,1,1
5553,1,1,1
5554,0,0,0
5555,1,1,1
5556,1,1,1
5557,0,0,1
5558,1,1,1
5559,0,0,0
5560,1,1,1
5561,1,1,1
5562,0,0,0
5563,0,0,0
5564,1,1,1
5565,0,0,0
5566,1,1,1
5567,1,1,1
5568,1,1,1
5569,0,0,1
5570,0,0,0
5571,0,0,1
5572,0,0,1
5573,1,1,1
5574,1,1,1
5575,0,0,1
5576,1,1,1
5577,1,1,1
5578,0,0,1
5579,0,0,0
5580,1,1,1
5581,1,1,1
5582,0,0,0
5583,1,1,1
5584,1,1,1
5585,0,0,1
5586,0,0,0
5587,0,0,0
5588,1,1,1
5589,1,1,1
5590,0,0,1
5591,1,1,1
5592,1,1,1
5593,0,0,0
5594,1,1,1
5595,0,0,1
5596,0,0,0
5597,0,0,0
5598,1,1,1
5599,0,0,1
5600,1,1,1
5601,1,1,1
5602,1,0,1
5603,1,1,1
5604,1,1,1
5605,1,1,1
5606,1,1,1
5607,1,1,1
5608,1,1,1
5609,1,1,1
5610,1,1,1
5611,0,0,1
5612,1,1,1
5613,0,0,1
5614,1,1,1
5615,0,0,1
5616,0,0,1
5617,1,1,1
5618,1,1,1
5619,1,1,1
5620,0,0,1
5621,1,1,1
5622,1,1,1
5623,1,1,1
5624,0,0,1
5625,0,0,1
5626,0,0,0
5627,0,0,1
5628,0,0,1
5629,0,0,1
5630,0,0,1
5631,1,1,1
5632,0,0,1
5633,1,1,1
5634,1,1,1
5635,0,0,1
5636,1,1,1
5637,1,1,1
5638,0,0,0
5639,1,1,1
5640,0,0,1
5641,0,0,1
5642,1,1,1
5643,0,0,0
5644,1,1,1
5645,1,1,1
5646,1,1,1
5647,0,0,1
5648,1,1,1
5649,1,1,1
5650,0,0,1
5651,0,0,0
5652,0,0,1
5653,1,1,1
5654,0,0,0
5655,1,1,1
5656,1,1,1
5657,0,0,0
5658,0,0,1
5659,0,0,1
5660,1,1,1
5661,0,0,0
5662,1,1,1
5663,0,0,1
5664,1,1,1
5665,0,0,1
5666,0,0,1
5667,0,0,1
5668,1,1,1
5669,0,0,1
5670,1,1,1
5671,1,1,1
5672,0,0,0
5673,0,0,1
5674,1,1,1
5675,0,0,0
5676,1,1,1
5677,0,0,1
5678,1,1,1
5679,1,1,1
5680,0,0,0
5681,0,0,1
5682,1,1,1
5683,1,1,1
5684,1,1,1
5685,0,0,1
5686,0,0,0
5687,1,1,1
5688,0,0,1
5689,1,1,1
5690,1,1,1
5691,1,1,1
5692,0,0,0
5693,1,1,1
5694,0,0,0
5695,0,0,1
5696,0,0,0
5697,0,0,1
5698,1,1,1
5699,1,1,1
5700,1,1,1
5701,0,0,1
5702,1,1,1
5703,0,0,1
5704,0,0,0
5705,1,1,1
5706,0,0,0
5707,0,0,1
5708,0,0,0
5709,1,1,1
5710,1,1,1
5711,1,1,1
5712,1,1,1
5713,1,1,1
5714,1,1,1
5715,0,0,1
5716,1,1,1
5717,0,0,0
5718,1,1,1
5719,1,1,1
5720,0,0,0
5721,1,1,1
5722,1,1,1
5723,0,0,1
5724,0,0,1
5725,1,1,1
5726,0,0,1
5727,1,1,1
5728,0,0,1
5729,0,0,1
5730,0,0,1
5731,1,1,1
5732,0,0,1
5733,1,1,1
5734,0,0,0
5735,0,0,1
5736,0,0,0
5737,1,1,1
5738,1,1,1
5739,0,0,1
5740,0,0,1
5741,0,0,0
5742,1,1,1
5743,0,0,1
5744,1,1,1
5745,0,0,0
5746,1,1,1
5747,0,0,1
5748,0,0,0
5749,0,0,1
5750,0,0,0
5751,0,0,1
5752,1,1,1
5753,1,1,1
5754,0,1,1
5755,0,0,1
5756,1,1,1
5757,1,1,1
5758,1,1,1
5759,0,0,1
5760,1,1,1
5761,0,0,1
5762,0,0,0
5763,0,0,0
5764,0,0,1
5765,1,1,1
5766,0,0,0
5767,1,1,1
5768,1,1,1
5769,0,0,1
5770,1,1,1
5771,1,1,1
5772,0,0,1
5773,1,1,1
5774,1,1,1
5775,0,0,1
5776,1,1,1
5777,0,0,0
5778,0,0,0
5779,1,1,1
5780,0,0,1
5781,1,1,1
5782,0,0,0
5783,1,1,1
5784,0,0,1
5785,0,0,1
5786,0,0,0
5787,0,0,1
5788,1,1,1
5789,0,0,0
5790,0,0,1
5791,1,1,1
5792,0,0,1
5793,1,1,1
5794,1,1,1
5795,1,1,1
5796,0,0,1
5797,0,0,0
5798,1,1,1
5799,1,1,1
5800,1,1,1
5801,0,0,1
5802,0,0,0
5803,1,1,1
5804,0,0,1
5805,0,0,0
5806,1,1,1
5807,1,1,1
5808,1,1,1
5809,1,1,1
5810,1,1,1
5811,0,0,1
5812,1,1,1
5813,0,0,0
5814,0,0,0
5815,0,0,0
5816,0,0,0
5817,1,1,1
5818,0,0,0
5819,0,0,1
5820,1,1,1
5821,1,1,1
5822,0,0,1
5823,0,0,0
5824,0,0,1
5825,0,0,0
5826,1,1,1
5827,1,1,1
5828,0,0,1
5829,0,0,0
5830,1,1,1
5831,0,0,1
5832,0,0,0
5833,1,1,1
5834,0,0,1
5835,0,0,1
5836,0,0,0
5837,1,1,1
5838,1,1,1
5839,0,0,0
5840,1,1,1
5841,1,1,1
5842,0,0,1
5843,1,1,1
5844,0,0,0
5845,0,0,1
5846,1,1,1
5847,0,0,1
5848,1,1,1
5849,0,0,0
5850,1,1,1
5851,0,0,1
5852,0,0,1
5853,0,0,0
5854,1,1,1
5855,0,0,1
5856,0,0,0
5857,0,0,0
